name,linkedin_url,current_role,company,icp_reasoning,engagement_count,posts_engaged,recommended_action
Michael Carter,https://linkedin.com/in/mcarter2013,just a nerdy guy having fun 🤓,Boardy,"Primary persona: CMO/business leader (executive/founder/PM role match: '\bfounder\b'), company size in ICP range (11-50)",64,46,"Priority outreach - warm lead, high engagement"
Phanindra Reddy,https://linkedin.com/in/phanindra-ai,The Voice AI Guy | AI Voice agents (whitelabel) for 6-8 figure agency owners adding 2 million in extra rev. Open claw (clawd bot) builder and implementer ,Every-ai.com,"Secondary persona: technical leader (role/title match: '\bchief technology officer\b'), company size in ICP range (11-50), geography in ICP range (US)",42,33,"Priority outreach - warm lead, high engagement"
Jan Pilgaard Carlsen,https://linkedin.com/in/jan-pilgaard-carlsen-0ba57a1,Helping arts organizations retain their audiences and grow a sustainable business | Cofounder & Chief Product Officer @ Artelize,Culttech Accelerator,"Primary persona: CMO/business leader (executive/founder/PM role match: '\bcofounder\b'), geography in ICP range (EU)",41,41,"Priority outreach - warm lead, high engagement"
Christian (Chris) Bach,https://linkedin.com/in/christianbachdk,"Founder, investor, board member & advisor",Stealth,"Primary persona: CMO/business leader (executive/founder/PM role match: '\bfounder\b'), geography in ICP range (US)",40,40,"Priority outreach - warm lead, high engagement"
Boris de Wit,https://linkedin.com/in/boris-de-wit-5ab536200,"Making software, AI alignment",Starboat,"Primary persona: CMO/business leader (executive/founder/PM role match: '\bfounder\b'), geography in ICP range (EU)",37,33,"Priority outreach - warm lead, high engagement"
Barry D'Arcy,https://linkedin.com/in/barrydarcy,VP of Partners @Storyblok | Building High-Impact Tech Ecosystems | Composable & MACH Advocate,Partnership Leaders,"Primary persona: builder (product/ops/marketing/GTM role match: 'head of operations'), company size in ICP range (11-50), funding stage in ICP range (series c), geography in ICP range (EU)",27,26,"Priority outreach - warm lead, high engagement"
Brian Gentile,,10X CEO Coach & Chairman Of The Board at Matillion,,Primary persona: CMO/business leader (executive/founder/PM role match: '\bceo\b'),26,26,"Priority outreach - warm lead, high engagement"
Mitchell Seaton,https://linkedin.com/in/mitchseaton,Full Stack Developer at NRMA Parks and Resorts,NRMA Parks and Resorts,Primary persona: developer (engineering role/title match: 'developer'),25,25,"Priority outreach - warm lead, high engagement"
Rasmus Leth Skjoldan,https://linkedin.com/in/rlsk,AI marketer and CMO at Hello Retail.,Hello Retail,"Primary persona: CMO/business leader (executive/founder/PM role match: '\bcmo\b'), geography in ICP range (EU)",24,23,"Priority outreach - warm lead, high engagement"
Avishay Cohen,https://linkedin.com/in/avishic,Co-founder & CEO at Anima | AI Design Agent,Anima App (YC S18),Primary persona: CMO/business leader (executive/founder/PM role match: '\bfounder\b'),24,24,"Priority outreach - warm lead, high engagement"
Dan Barak,https://linkedin.com/in/danbarak,Building something new...,,"Primary persona: builder (product/ops/marketing/GTM role match: 'product marketing'), geography in ICP range (US)",24,22,"Priority outreach - warm lead, high engagement"
Dr Claire Knight,https://linkedin.com/in/krider2010,"CTO/VP of Engineering, Advisor, Mentor",Sailhouse,"Secondary persona: technical leader (role/title match: '\bcto\b'), geography in ICP range (EU)",22,21,"Priority outreach - warm lead, high engagement"
Clarence A.,,Software Engineer - Developer Support | Rust • Elixir • JavaScript • Node.js • Next.js • CI/CD • Linux • Netlify,,Primary persona: developer (engineering role/title match: 'software engineer'),19,19,"Priority outreach - warm lead, high engagement"
Chad Solomonson,https://linkedin.com/in/chadsolomonson,🚀 MarTech + AI Strategist & Advisor | Engineering Simplicity | 3X MVP Sitecore + Storyblok MVP  | Speaker + Book + Podcast ‘The AI-Powered Composable Roadmap’,Boye & Company,"Primary persona: CMO/business leader (executive/founder/PM role match: '\bchief marketing officer\b'), geography in ICP range (US)",19,17,"Priority outreach - warm lead, high engagement"
Wade Warren,,"CTO/SVP - Engineering, Advisor, Investor, Mentor",,Secondary persona: technical leader (role/title match: '\bcto\b'),18,18,"Priority outreach - warm lead, high engagement"
Bhupesh P.,https://linkedin.com/in/bhupesh-p-581145111,Founder @ Thedevswelly | Fast MVPs & Production AI Systems | Guardrails • Observability • Reliable Automation | Helping Products Hold Under Real Usage,Thedevswelly Technologies,Primary persona: CMO/business leader (executive/founder/PM role match: '\bfounder\b'),18,17,"Priority outreach - warm lead, high engagement"
Samuel Snopko,,Head of Product @Storyblok | Leading Product Vision with Expertise in Product Discovery & Management | Speaker & Developer & DevRel,,Primary persona: developer (engineering role/title match: 'developer'),18,18,"Priority outreach - warm lead, high engagement"
Ameer Badri,https://linkedin.com/in/ameer,"Solutions Engineering Leader | Scaling Technical Sales from $10M to $1B+ ARR | Real-Time AI, Agentic Workflows & Revenue Growth | ex-Twilio, Netlify, DataRobot",PredictiveTrends,"Secondary persona: technical leader (role/title match: '\bengineering leader\b'), geography in ICP range (EU)",18,18,"Priority outreach - warm lead, high engagement"
Jon Barrett,,"Production-Grade, Agentic AI Agent Engineer & Researcher | AI Prompt Engineer | Lead Generation | SEO, AEO, GEO Content Engineer | Product Marketing Manager | Scaling AI Entity, CRO & Revenue for B2B, SaaS & Enterprise",,Primary persona: builder (product/ops/marketing/GTM role match: 'product marketing'),18,18,"Priority outreach - warm lead, high engagement"
Simon Clemmensen,https://linkedin.com/in/simonclemmensen,"Higher Education Copywriter & Brand Advisor | Helping universities & EdTech communicate with clarity & global reach | Analytical mind, creative heart, bridge between strategy and learning",Simon Says Consulting,"Primary persona: CMO/business leader (executive/founder/PM role match: '\bfounder\b'), geography in ICP range (EU)",18,18,"Priority outreach - warm lead, high engagement"
Matteo Frana,https://linkedin.com/in/matteofrana,Founder and CEO/CTO at React Bricks,React Bricks,"Primary persona: developer (engineering role/title match: 'developer'), geography in ICP range (EU)",16,16,"Priority outreach - warm lead, high engagement"
Thomas Daly,https://linkedin.com/in/tomcdaly,"Product Leader | Launching 0-1 Consumer Products That Scale | Current: Replay.io | Ex-Samsung, WeWork (Spacious)",Replay.io,"Primary persona: CMO/business leader (executive/founder/PM role match: '\bhead of product\b'), company size in ICP range (11-50), geography in ICP range (US)",16,15,"Priority outreach - warm lead, high engagement"
Duncan Schouten,,"AI @ Pantheon | Director of Product | 3X’ed ARR | Founder, Pairwise | President, ProductBC | AI Agents | Platform & Developer Experience | Multi-Agent Systems | B2B SaaS | Ecosystem Strategy",,Primary persona: developer (engineering role/title match: 'developer'),15,15,"Priority outreach - warm lead, high engagement"
Bryan May,https://linkedin.com/in/bryan-may-141339142,Solutions Architect at Amazon Web Services,Amazon Web Services (AWS),"Primary persona: builder (product/ops/marketing/GTM role match: 'solutions architect'), geography in ICP range (US)",14,14,"Nurture - moderate engagement, build relationship"
Dan Malca,https://linkedin.com/in/danmalca,"Head of Engineering, Yahoo! Homepage",Yahoo,"Secondary persona: technical leader (role/title match: '\bhead of engineering\b'), geography in ICP range (US)",14,14,"Nurture - moderate engagement, build relationship"
Shash Tandon,https://linkedin.com/in/shash-tandon,"Revenue Leader & GTM Strategist | Scaling Sales & Customer Success | ex-Proton, ex-Productboard | MBA",Femme Palette,"Primary persona: builder (product/ops/marketing/GTM role match: 'customer success'), geography in ICP range (EU)",13,13,"Nurture - moderate engagement, build relationship"
Neven Poldrugac,,Managing Director • VenEvent Team Building • Ortho Plan • Relatum Talents,,Primary persona: CMO/business leader (executive/founder/PM role match: '\bmanaging director\b'),13,13,"Nurture - moderate engagement, build relationship"
René Fournier,https://linkedin.com/in/renefournier,"Tech Founder | Built Alberta Well Finder (670K+ wells), Canada Well Finder (900K+), GPS Police (acquired) | AI Development Speaker & Trainer",R2 Creative Inc.,Primary persona: developer (engineering role/title match: 'software developer'),13,13,"Nurture - moderate engagement, build relationship"
Isaac Zara,https://linkedin.com/in/isaac-sixtus-chizaram-41220a171,Brand & Marketing Designer @ MadConnect | AI Hobbyist,MadConnect,Primary persona: developer (engineering role/title match: 'developer'),13,12,"Nurture - moderate engagement, build relationship"
Gina Schinkel ✨,https://linkedin.com/in/ginaschinkel,"Founder @ Driftawave ✨ Team Retreats, Workations & Offsites for Remote, Distributed & Digital-First Teams 👩‍💻🌴👨‍💻 || Here for the Culture Ravers! || 💙 LinkedIn Talent Alumni",Driftawave,"Primary persona: CMO/business leader (executive/founder/PM role match: '\bfounder\b'), geography in ICP range (EU)",13,11,"Nurture - moderate engagement, build relationship"
Alex Bit,,Enterprise code maintenance | Codemod CEO | ex-Meta,,Primary persona: CMO/business leader (executive/founder/PM role match: '\bceo\b'),13,13,"Nurture - moderate engagement, build relationship"
Sultan A.,,Co-Founder + Tech at AltSchool Africa + TalentQL,,Primary persona: CMO/business leader (executive/founder/PM role match: '\bfounder\b'),13,13,"Nurture - moderate engagement, build relationship"
Estella Gonzalez Madison,,Engineering Director at Fastly,,Secondary persona: technical leader (role/title match: '\bengineering director\b'),13,13,"Nurture - moderate engagement, build relationship"
Ben Blumenrose,https://linkedin.com/in/benblumenrose,"Co-Director, Managing Partner at Designer Fund",Designer Fund,"Primary persona: CMO/business leader (executive/founder/PM role match: '\bfounder\b'), geography in ICP range (US)",12,12,"Nurture - moderate engagement, build relationship"
Dave Geddes,,Senior Staff Engineer @Awardco,,Primary persona: developer (engineering role/title match: 'staff engineer'),12,12,"Nurture - moderate engagement, build relationship"
Marc Diouane,,"CEO and Co-founder@ Exordiom | Startups, Revenue Growth",,Primary persona: CMO/business leader (executive/founder/PM role match: '\bfounder\b'),12,12,"Nurture - moderate engagement, build relationship"
Taylor MacDonald,,Systems Builder helping progressive non-profits turn disconnected tech stacks into pathways for community engagement.,,Primary persona: builder (product/ops/marketing/GTM role match: 'builder'),12,12,"Nurture - moderate engagement, build relationship"
Mark Demeny,https://linkedin.com/in/mdemeny,"Composable software nerd; product management and product strategy for AI-based marketing operations (aka Content Supply Chain), Composable and Content management / DXP",OpenText,Primary persona: builder (product/ops/marketing/GTM role match: 'product marketing'),12,9,"Nurture - moderate engagement, build relationship"
Steve Schofield,https://linkedin.com/in/r3trosteve,Product Innovation & AI at Seedcloud || Founder of Beach.io || Forge for Product Extensibility & Ecosystems || Formerly Head of Platform & Innovation at Mural,Seedcloud,"Secondary persona: technical leader (role/title match: '\bcto\b'), geography in ICP range (EU)",11,10,"Nurture - moderate engagement, build relationship"
Brad Johnson,,Strategic Customer Success Manager,,Primary persona: builder (product/ops/marketing/GTM role match: 'customer success'),11,11,"Nurture - moderate engagement, build relationship"
Tracy Lee,https://linkedin.com/in/tracyslee,"AI enablement, modernization, and strategy. CEO @ This Dot Labs | 7x Microsoft MVP Award | 3x GitHub Star | 9x Google Developer Expert",Google Developer Experts,"Primary persona: developer (engineering role/title match: 'developer'), company size in ICP range (11-50), geography in ICP range (US)",11,8,"Nurture - moderate engagement, build relationship"
James Cham,https://linkedin.com/in/jcham,Early stage VC investing in the new world of work,Bloomberg Beta,"Primary persona: CMO/business leader (executive/founder/PM role match: '\bboard member\b'), geography in ICP range (US)",11,11,"Nurture - moderate engagement, build relationship"
Jos Gerards,https://linkedin.com/in/josgerards,"Organising DEVWorld Conference | Creating the most Valuable & Unique Conference for Tech Teams | Bringing over 30,000 Developers, 9000 Teams and 300 Partners together since 2018.",ViteConf,"Primary persona: developer (engineering role/title match: 'developer'), geography in ICP range (EU)",10,10,"Nurture - moderate engagement, build relationship"
Edon Bajrami,https://linkedin.com/in/edonbajrami89,Founder & CEO of Clleancode | Awwwards Jury Member | Web Development Specialist | Empowering Businesses with Custom Digital Solutions,Orpetron,"Primary persona: CMO/business leader (executive/founder/PM role match: '\bfounder\b'), company size in ICP range (11-50)",10,10,"Nurture - moderate engagement, build relationship"
Ben Hagan,,Lakebase Postgres Product @ Databricks | Startup Founder & Advisor,,Primary persona: CMO/business leader (executive/founder/PM role match: '\bfounder\b'),10,10,"Nurture - moderate engagement, build relationship"
Zeeshan Yoonas,https://linkedin.com/in/zeeshanyoonas,CRO | Workflow AI @ Scribe,Scribe,"Primary persona: CMO/business leader (executive/founder/PM role match: '\bcro\b'), geography in ICP range (US)",10,10,"Nurture - moderate engagement, build relationship"
Irina Nazarova,https://linkedin.com/in/nonconstant,Devtool friend from another world,AnyCable (by Evil Martians),"Primary persona: CMO/business leader (executive/founder/PM role match: '\bchief financial officer\b'), geography in ICP range (US)",10,9,"Nurture - moderate engagement, build relationship"
Kerrigan Baron,https://linkedin.com/in/kerriganbaron,CEO & Founder @ Fidget Labs | GTM & Technology Leader | MACH Alliance Advocate,Fidget Labs,"Primary persona: CMO/business leader (executive/founder/PM role match: '\bfounder\b'), geography in ICP range (EU)",10,10,"Nurture - moderate engagement, build relationship"
Karin Klein,,"founder, venture capitalist, strategist",,Primary persona: CMO/business leader (executive/founder/PM role match: '\bfounder\b'),10,10,"Nurture - moderate engagement, build relationship"
Mark Catalano,,"AI-focused product, design, and engineering leader | Building enterprise AI agents with LLMs | 2x Founder | Techstars ’19 | HBS CORe | Boston",,Secondary persona: technical leader (role/title match: '\bengineering leader\b'),10,10,"Nurture - moderate engagement, build relationship"
AJ Ripon,https://linkedin.com/in/aj-ripon,Social Media Manager | Helping Businesses Grow with Engaging Content & Ads | 6 Years on Marketplace (4.9⭐ | 2K+ Orders Completed),Fiverr,Primary persona: CMO/business leader (executive/founder/PM role match: '\bgrowth strategist\b'),9,9,"Nurture - moderate engagement, build relationship"
Mert Koseoglu,https://linkedin.com/in/mksglu,Senior SWE (IC) with 10+ YoE building AI-native products and agentic systems.,"Mert Koseoglu, Software Forge","Primary persona: developer (engineering role/title match: 'software engineer'), geography in ICP range (EU)",9,8,"Nurture - moderate engagement, build relationship"
Matthew Garrepy,,"Chief Digital Officer, CMS Analyst & Cloud Evangelist",,Primary persona: CMO/business leader (executive/founder/PM role match: '\bchief digital\b'),9,9,"Nurture - moderate engagement, build relationship"
Susie S.,,"Chief Financial Officer, Heavybit",,Primary persona: CMO/business leader (executive/founder/PM role match: '\bchief financial officer\b'),9,9,"Nurture - moderate engagement, build relationship"
Jasmin Guthmann,,"CMO-Level Growth Operator | Turning Technology Shifts into Market Leadership (AI, Composable, Ecosystem GTM) | ex MACH Alliance Board | Keynote Speaker | 2x Author",,Primary persona: CMO/business leader (executive/founder/PM role match: '\bcmo\b'),9,9,"Nurture - moderate engagement, build relationship"
Markus Schork,https://linkedin.com/in/markusschork,"Technology Director | CTO | Content Operations & MACH Architecture | Ex-Sanity, Unilever",Codal,"Secondary persona: technical leader (role/title match: '\bcto\b'), geography in ICP range (EU)",9,9,"Nurture - moderate engagement, build relationship"
Phil Hawksworth,,Developer Relations at Deno,,Primary persona: developer (engineering role/title match: 'developer'),9,9,"Nurture - moderate engagement, build relationship"
Ben Marks,https://linkedin.com/in/bhmarks,"Tinker thinker, speaker, educator. Actively seeking FTE or fractional work. Consulting builder and leader of eCommerce ecosystem and product communities. Building an agentic team one day at AI time.",comVisory,"Primary persona: builder (product/ops/marketing/GTM role match: 'builder'), geography in ICP range (US)",9,8,"Nurture - moderate engagement, build relationship"
Monica Sarbu,https://linkedin.com/in/monicasarbu,"CEO & Founder at xata.io, ex Elastic, co-founder Packetbeat",Snow Leopard,"Primary persona: CMO/business leader (executive/founder/PM role match: '\bfounder\b'), company size in ICP range (11-50), geography in ICP range (US)",9,9,"Nurture - moderate engagement, build relationship"
Meg Donovan Christiansen,,"Podcaster | Digital Commerce, Marketplace & Platform Strategy | Scaling Omni-Channel Brands & SaaS | Advisor & Board Member | BA in Economics, Harvard",,Primary persona: CMO/business leader (executive/founder/PM role match: '\bboard member\b'),9,9,"Nurture - moderate engagement, build relationship"
Eran Sandler,https://linkedin.com/in/erans,Keeping AI agents on the right path,Framework,"Primary persona: CMO/business leader (executive/founder/PM role match: '\bfounder\b'), geography in ICP range (US)",8,7,"Nurture - moderate engagement, build relationship"
Torsten Kolind,,Investor in geothermal energy & women's health. Usually separately.,,Primary persona: CMO/business leader (executive/founder/PM role match: '\binvestor\b'),8,8,"Nurture - moderate engagement, build relationship"
Daniel Freeman,https://linkedin.com/in/danielfreeman1,Advisor & Investor,GTM DOJO,"Primary persona: CMO/business leader (executive/founder/PM role match: '\binvestor\b'), geography in ICP range (US)",8,8,"Nurture - moderate engagement, build relationship"
Ronan Connolly,https://linkedin.com/in/ronanconnolly,🧑‍💻 Lead Full Stack Software Engineer • ✨ AI Engineer • 📐 Angular Specialist (11 yrs) • 🦸 TypeScript Specialist (9 yrs) • 🪺 NX / NestJS (BE) enthusiast • 🕸️ Vue/React • 🔥 Hot Sauce Sommelier,Yellowtail Conclusion,"Primary persona: developer (engineering role/title match: 'software engineer'), geography in ICP range (EU)",8,6,"Nurture - moderate engagement, build relationship"
Vadym Chernyshen,,Senior Full-Stack Developer | 5+ years of experience | React · TypeScript · Node.js · React Native | Fintech & SaaS | Open to Remote EU/US,,Primary persona: developer (engineering role/title match: 'developer'),8,8,"Nurture - moderate engagement, build relationship"
Tobias Christensen,https://linkedin.com/in/tobiaschristensen,Director of Engineering @ Utiligize,Utiligize,"Secondary persona: technical leader (role/title match: '\bdirector of engineering\b'), geography in ICP range (EU)",8,8,"Nurture - moderate engagement, build relationship"
Joel Ramirez,,IT Department Director at Digitas Germany | AI & Digital Transformation Leader | Team Builder | MBA,,Primary persona: builder (product/ops/marketing/GTM role match: 'builder'),8,8,"Nurture - moderate engagement, build relationship"
Joe Robinson,https://linkedin.com/in/josephlrobinson,CEO at Hummingbird | Fighting Financial Crime with AI,Hummingbird,"Primary persona: CMO/business leader (executive/founder/PM role match: '\bfounder\b'), geography in ICP range (US)",8,7,"Nurture - moderate engagement, build relationship"
Henri Helvetica,,Developer Comms,,Primary persona: developer (engineering role/title match: 'developer'),8,8,"Nurture - moderate engagement, build relationship"
Andrew Kepson 🟪,,"Software Engineer | TS, React, Astro",,Primary persona: developer (engineering role/title match: 'software engineer'),8,8,"Nurture - moderate engagement, build relationship"
Francois Lanthier Nadeau,,"Founder @SaaSpasse — SaaS, startups, stories",,Primary persona: CMO/business leader (executive/founder/PM role match: '\bfounder\b'),8,8,"Nurture - moderate engagement, build relationship"
Ondřej Chrastina,,"Developer Relations/Advocacy expert | Open source enthusiast | Hands-on in the QA, web dev, CMS/DXP, data quality",,Primary persona: developer (engineering role/title match: 'developer'),7,7,"Monitor - light engagement, add to watchlist"
💻Dan Draper,https://linkedin.com/in/ddraper,CEO and Founder at CipherStash,Debugging Diversity,"Primary persona: CMO/business leader (executive/founder/PM role match: '\bfounder\b'), geography in ICP range (US)",7,6,"Monitor - light engagement, add to watchlist"
Joanna Ward,,Global Growth Marketing Lead | Account Based Marketing,,Primary persona: builder (product/ops/marketing/GTM role match: 'growth marketing'),7,7,"Monitor - light engagement, add to watchlist"
Andrei Pitis,,Co-Founder & CEO at Genezio,,Primary persona: CMO/business leader (executive/founder/PM role match: '\bfounder\b'),7,7,"Monitor - light engagement, add to watchlist"
Roxy T.,https://linkedin.com/in/roxytorres,GTM Ops Leader | ex Narvar / EAB / CEB,Various Companies,"Primary persona: builder (product/ops/marketing/GTM role match: 'revops'), company size in ICP range (11-50), geography in ICP range (US)",7,6,"Monitor - light engagement, add to watchlist"
Michiel Voortman,,"Building boxd | Agents deserve real computers, not sandboxes | Co-Founder boxd.sh",,Primary persona: CMO/business leader (executive/founder/PM role match: '\bfounder\b'),7,7,"Monitor - light engagement, add to watchlist"
George FitzGibbons,,Principal Sales Engineer at Vercel,,Primary persona: builder (product/ops/marketing/GTM role match: 'sales engineer'),7,7,"Monitor - light engagement, add to watchlist"
Scott Mathson,https://linkedin.com/in/scottmathson,Studio Owner | Audio Engineer | Producer | Consultant | Entrepreneur,The Recording Center,"Primary persona: CMO/business leader (executive/founder/PM role match: '\bfounder\b'), geography in ICP range (US)",7,5,"Monitor - light engagement, add to watchlist"
Peretz Cohen,https://linkedin.com/in/peretzcohen,Strategy & Operations | Previously @ Google/Meta,Past Present Phuture,"Primary persona: CMO/business leader (executive/founder/PM role match: '\bfounder\b'), geography in ICP range (US)",7,5,"Monitor - light engagement, add to watchlist"
Tristan Paule,https://linkedin.com/in/tristan-paule,Partner Manager | AAPI Nonprofits | AHN Top 50 Unsung Hero 2023,Asian Hustle Network,"Primary persona: builder (product/ops/marketing/GTM role match: 'partner manager'), geography in ICP range (US)",7,7,"Monitor - light engagement, add to watchlist"
Nick Taylor,,Developer Advocate | AI Engineer | GitHub Star | Microsoft MVP | AWS Community Builder,,Primary persona: developer (engineering role/title match: 'developer'),6,6,"Monitor - light engagement, add to watchlist"
Abhishek Agarwal,,Principal Engineering Manager @ Microsoft | IIT Kharagpur,,Primary persona: developer (engineering role/title match: 'engineering manager'),6,6,"Monitor - light engagement, add to watchlist"
Sandy Joung,,"Chief Marketing Officer: AI, Agentic AI, and SaaS",,Primary persona: CMO/business leader (executive/founder/PM role match: '\bchief marketing officer\b'),6,6,"Monitor - light engagement, add to watchlist"
M. Alptekin ISIKLAR,,Software / Web Developer at Aselsan,,Primary persona: developer (engineering role/title match: 'developer'),6,6,"Monitor - light engagement, add to watchlist"
Christian Jul Jensen,,Principal Engineer · TypeScript / Node.js · Product-minded builder with deep backend roots,,Primary persona: developer (engineering role/title match: 'principal engineer'),6,6,"Monitor - light engagement, add to watchlist"
Jessica Parsons,,"Senior Product Manager, Telemetry Pipeline at Honeycomb.io",,Primary persona: CMO/business leader (executive/founder/PM role match: '\bproduct manager\b'),6,6,"Monitor - light engagement, add to watchlist"
Leslie Cohn-Wein,,"Staff Engineering Manager, Design Systems at GitHub",,Primary persona: developer (engineering role/title match: 'engineering manager'),6,6,"Monitor - light engagement, add to watchlist"
Charis Rooda 🐝✨,,Freelance Front-end Developer & Event Organiser,,Primary persona: developer (engineering role/title match: 'developer'),6,6,"Monitor - light engagement, add to watchlist"
Carsten Görs,,Co-Founder @leefs Human-centered Research & Design - Enterprise-HCD Beratung | Founder @likvid.studio Digital Experience Management w/ Storyblok,,Primary persona: CMO/business leader (executive/founder/PM role match: '\bfounder\b'),6,6,"Monitor - light engagement, add to watchlist"
Miguel Queimado,,Co-Founder at DreamShaper,,Primary persona: CMO/business leader (executive/founder/PM role match: '\bfounder\b'),6,6,"Monitor - light engagement, add to watchlist"
Fabian Hiller,https://linkedin.com/in/fabianhiller,Software Engineer | Open Source | Studienstiftung,,"Primary persona: developer (engineering role/title match: 'software engineer'), geography in ICP range (US)",6,6,"Monitor - light engagement, add to watchlist"
David V. Kimball,,"Building growth you actually own | Co-Founder & CEO, lilAgents | Marketing, Design, Development, Outbound, Operations",,Primary persona: CMO/business leader (executive/founder/PM role match: '\bfounder\b'),6,6,"Monitor - light engagement, add to watchlist"
Vilhelm von Ehrenheim,,"Co-Founder & Chief AI Officer @ QA.tech | ex EQT Motherbrain, Klarna",,Secondary persona: technical leader (role/title match: '\bchief ai officer\b'),6,6,"Monitor - light engagement, add to watchlist"
David Thyresson,,"Preston-Werner Ventures, General Partner",,Primary persona: CMO/business leader (executive/founder/PM role match: '\bgeneral partner\b'),6,6,"Monitor - light engagement, add to watchlist"
Neej Parikh,,"Co-founder @ Exordiom | GTM Advisor | ex-CRO @ Applied Intuition, Productiv, Zuora",,Primary persona: CMO/business leader (executive/founder/PM role match: '\bcro\b'),6,6,"Monitor - light engagement, add to watchlist"
Tomas Bankauskas,,"UI Designer, Web Developer at Trayo AI",,Primary persona: developer (engineering role/title match: 'developer'),6,6,"Monitor - light engagement, add to watchlist"
Matthew Rinehart,,Product Manager,,Primary persona: CMO/business leader (executive/founder/PM role match: '\bproduct manager\b'),6,6,"Monitor - light engagement, add to watchlist"
Bhavana Srinivas,https://linkedin.com/in/bhavana-srinivas-a8237a55,Strategic Solutions Architect at Writer,WRITER,Primary persona: builder (product/ops/marketing/GTM role match: 'solutions architect'),6,6,"Monitor - light engagement, add to watchlist"
Rafael Cavestany,,"Founding Partner, CEO at ++hellohello",,Primary persona: CMO/business leader (executive/founder/PM role match: '\bceo\b'),6,6,"Monitor - light engagement, add to watchlist"
Jose Adrian Luna Maya,https://linkedin.com/in/jose-adrian-luna-maya-4242021ba,Stanford Alum | Scientist | Entrepreneur | Investor | NetZero AI CEO & Founder | Entrepreneur | Writer | Designer | Heaven Sent | Above All Gods Son,Official Moon Cookies,Primary persona: CMO/business leader (executive/founder/PM role match: '\bfounder\b'),6,3,"Monitor - light engagement, add to watchlist"
Samuel Lown,https://linkedin.com/in/samlown,Founding Invopop | Building gobl.org,Invopop,"Primary persona: CMO/business leader (executive/founder/PM role match: '\bfounder\b'), geography in ICP range (EU)",6,6,"Monitor - light engagement, add to watchlist"
Will Olson,https://linkedin.com/in/willolson,Product Marketing @ Sigma,Sigma,"Primary persona: builder (product/ops/marketing/GTM role match: 'product marketing'), geography in ICP range (US)",6,6,"Monitor - light engagement, add to watchlist"
Robert Moseley IV,https://linkedin.com/in/robertmoseleyiv,Founder & CEO @ GTM Engine,GTM Engine,"Primary persona: CMO/business leader (executive/founder/PM role match: '\bfounder\b'), geography in ICP range (US)",6,6,"Monitor - light engagement, add to watchlist"
Mrunal Kalaskar,,PRESIDENT OF ........{ IT TESLA & TESLA }... Best way to predict the future is to invent it !... | MERN | WEB Development | Front-End | Back-End | ELYSIUM Designer | R.&A.W | Data Analysis | Machine Learning | FRS |,,Primary persona: CMO/business leader (executive/founder/PM role match: '\bpresident\b'),5,5,"Monitor - light engagement, add to watchlist"
Leopold Kristjansson,,Web Developer | SaaS Products | Bespoke Websites | User Interfaces | Marketing Tech | Vue | Nuxt | B2B Enterprise Software,,Primary persona: developer (engineering role/title match: 'developer'),5,5,"Monitor - light engagement, add to watchlist"
Tamas P.,,Developer Advocacy | Workshops & Coaching | Google Developer Expert | I help teams get AI fluent,,Primary persona: developer (engineering role/title match: 'developer'),5,5,"Monitor - light engagement, add to watchlist"
Roxane Fischer,,Co-Founder @ Anyshift.io | The context for AI in prod | Euro Seed 50,,Primary persona: CMO/business leader (executive/founder/PM role match: '\bfounder\b'),5,5,"Monitor - light engagement, add to watchlist"
Dora Michalostamou,,Senior Software Engineer,,Primary persona: developer (engineering role/title match: 'software engineer'),5,5,"Monitor - light engagement, add to watchlist"
Matt Forsyth,,President & CEO at RDA,,Primary persona: CMO/business leader (executive/founder/PM role match: '\bceo\b'),5,5,"Monitor - light engagement, add to watchlist"
Geeta Schmidt,https://linkedin.com/in/geetaschmidt,"General Partner @ Seed Capital Denmark | ex CEO & Co-Founder at Humio, ex VP at CrowdStrike",Moxso,"Primary persona: CMO/business leader (executive/founder/PM role match: '\bfounder\b'), company size in ICP range (11-50), geography in ICP range (EU)",5,5,"Monitor - light engagement, add to watchlist"
Brian Rinaldi,https://linkedin.com/in/brianrinaldi,Empowering Developers through Content & Community | DevRel Leader | Full-Stack Web Expert,CFE.dev,"Primary persona: developer (engineering role/title match: 'developer'), geography in ICP range (US)",5,5,"Monitor - light engagement, add to watchlist"
Stefan Olaru,,CTO & Architect | Building systems that work without me,,Secondary persona: technical leader (role/title match: '\bcto\b'),5,5,"Monitor - light engagement, add to watchlist"
Shaunak Turaga,,CEO at Docsum - AI Legal Intelligence Platform | Y Combinator (S23),,Primary persona: CMO/business leader (executive/founder/PM role match: '\bceo\b'),5,5,"Monitor - light engagement, add to watchlist"
Martin Suchanek,https://linkedin.com/in/mrtns,Mind-melding human and artifical intelligence at Autographical.ai 🧠,Autographical,Primary persona: CMO/business leader (executive/founder/PM role match: '\bfounder\b'),5,5,"Monitor - light engagement, add to watchlist"
Christian Wheeler,https://linkedin.com/in/christian-wheeler-a7b77719a,"Motion Designer | Founder @ Anima | Writing about animation, design, and the business behind it.",anima,"Primary persona: CMO/business leader (executive/founder/PM role match: '\bfounder\b'), geography in ICP range (EU)",5,5,"Monitor - light engagement, add to watchlist"
Seth Engelhard,https://linkedin.com/in/sethengelhard,VP of Engineering at Observable,,"Secondary persona: technical leader (role/title match: '\bvp of engineering\b'), geography in ICP range (US)",5,5,"Monitor - light engagement, add to watchlist"
Chad Eubanks,,Technical Founder & CEO | Building Capriroso – The Intelligence Layer for Endurance Sport,,Primary persona: CMO/business leader (executive/founder/PM role match: '\bfounder\b'),5,5,"Monitor - light engagement, add to watchlist"
Lawrence M. Chu,,"Builder of Strategies, Companies & Communities | Board Member + Senior Advisor | Value-Add Investor | Elite M&A Attorney | Always curious…",,Primary persona: builder (product/ops/marketing/GTM role match: 'builder'),5,5,"Monitor - light engagement, add to watchlist"
Alex Welcing,,Technical product manager focused on subscription and user systems,,Primary persona: CMO/business leader (executive/founder/PM role match: '\bproduct manager\b'),5,5,"Monitor - light engagement, add to watchlist"
Jana Iris,https://linkedin.com/in/janairis,Ex-HashiCorp emp. 10 to IPO | Builder of developer communities | TQ Ventures 💙,TQ Ventures,"Primary persona: developer (engineering role/title match: 'developer'), company size in ICP range (11-50), geography in ICP range (US)",5,4,"Monitor - light engagement, add to watchlist"
Jeremy Edberg,https://linkedin.com/in/jedberg,"Building Resilient Reliable Distributed (AI) Systems, DevOps professional, international keynote speaker, and inventor of Chaos Engineering; 3 patents, 7 academic citations, 3 world records, and 3 Emmy awards.","DBOS, Inc.","Primary persona: developer (engineering role/title match: 'principal engineer'), geography in ICP range (US)",5,5,"Monitor - light engagement, add to watchlist"
Pablo Cerda,,AI Solutions Architect - AI Applied Automations - Productivity Acceleration - Blockchain Intelligence,,Primary persona: builder (product/ops/marketing/GTM role match: 'solutions architect'),5,5,"Monitor - light engagement, add to watchlist"
Neal Frazier,,"Virginia Based Website Developer, Software Developer, AI Integration Developer, and Security Analyst",,Primary persona: developer (engineering role/title match: 'software developer'),5,5,"Monitor - light engagement, add to watchlist"
Sean Meckley,,Product & Engineering Leader – Cloud Computing & Emerging Technologies l VP of Product @ QXO | Launched 25+ networking services and features for AWS,,Secondary persona: technical leader (role/title match: '\bengineering leader\b'),5,5,"Monitor - light engagement, add to watchlist"
Lindsay Wenbert,,Senior Executive Assistant | CEO & C-Level Support | Strategic Partner Driving Alignment & Execution,,Primary persona: CMO/business leader (executive/founder/PM role match: '\bceo\b'),5,5,"Monitor - light engagement, add to watchlist"
Klaus-M. Schremser,,"Otterly.AI 🦦 (Co-Founder) | GEO, AIO, GAIO, AEO, AI, Ex-SEO enthusiast | Climate Rebel",,Primary persona: CMO/business leader (executive/founder/PM role match: '\bfounder\b'),5,5,"Monitor - light engagement, add to watchlist"
Matthew Highland,,Founder,,Primary persona: CMO/business leader (executive/founder/PM role match: '\bfounder\b'),5,5,"Monitor - light engagement, add to watchlist"
Jaime B.,https://linkedin.com/in/jbueza,Y Combinator Alum (W16),Railtown AI Technologies,Secondary persona: technical leader (role/title match: '\bdirector of engineering\b'),5,5,"Monitor - light engagement, add to watchlist"
Ritwik Chitransh,,Java | SpringBoot | Microservices | HTML | CSS | JavaScript | Kafka | AWS | Ex Software Engineer at TeamViewer | Software Engineering Specialist at GE Aerospace| Ex System Engineer at TCS,,Primary persona: developer (engineering role/title match: 'software engineer'),4,4,"Monitor - light engagement, add to watchlist"
Kyle Walden,https://linkedin.com/in/kylewalden,GTM @ Exa,CAW Capital LP,"Primary persona: CMO/business leader (executive/founder/PM role match: '\bgeneral partner\b'), geography in ICP range (US)",4,4,"Monitor - light engagement, add to watchlist"
André Antonelli,https://linkedin.com/in/andreantonelli,CEO @ Machina Sports | The Operating System for Sports AI,Machina Sports,"Primary persona: CMO/business leader (executive/founder/PM role match: '\bfounder\b'), company size in ICP range (11-50), geography in ICP range (US)",4,4,"Monitor - light engagement, add to watchlist"
Josh Clawson,https://linkedin.com/in/joshclawson,Founder @ Ox AI,Ox AI,"Primary persona: CMO/business leader (executive/founder/PM role match: '\bfounder\b'), geography in ICP range (US)",4,4,"Monitor - light engagement, add to watchlist"
Lars Næsbye Christensen,,Systems Developer,,Primary persona: developer (engineering role/title match: 'developer'),4,4,"Monitor - light engagement, add to watchlist"
Jesus Lizama,,"Chief Technology Officer, Partner at Studio III Marketing",,Secondary persona: technical leader (role/title match: '\bchief technology officer\b'),4,4,"Monitor - light engagement, add to watchlist"
Lydia Bordnick,,Director of Technical Operations & Data Integrity at Angle Health | Healthcare EDI Architect | Former Software Developer | TPA Systems Integration,,Primary persona: developer (engineering role/title match: 'software developer'),4,4,"Monitor - light engagement, add to watchlist"
Chris S.,https://linkedin.com/in/chrisshawaus,"Creator of AEM Vite, Principal Developer at Merkle Australia ",Merkle Australia,Primary persona: developer (engineering role/title match: 'developer'),4,3,"Monitor - light engagement, add to watchlist"
Jennifer Tacheff,https://linkedin.com/in/jtacheff,"Fund & Growth Architect | Capital Strategy, GTM & Ecosystem Builder | SXSW Board | Founder @ Manifest ",Manifest Advisors,"Primary persona: builder (product/ops/marketing/GTM role match: 'builder'), geography in ICP range (US)",4,4,"Monitor - light engagement, add to watchlist"
Jorge Díaz,,Founder & CEO at AirGateway,,Primary persona: CMO/business leader (executive/founder/PM role match: '\bfounder\b'),4,4,"Monitor - light engagement, add to watchlist"
Elio Narciso,https://linkedin.com/in/elionarciso,Founder&CEO @Scalestack | Autonomous Infrastructure for Enterprise Agents,Instal,"Primary persona: CMO/business leader (executive/founder/PM role match: '\bfounder\b'), company size in ICP range (11-50), funding stage in ICP range (seed), geography in ICP range (US)",4,4,"Monitor - light engagement, add to watchlist"
Kevin Brown,,Platform Engineer 🏅 Cloud Architecture (AWS/Azure/GCP) 🏆 DevOps & CI/CD (Kubernetes/ArgoCD/GitHub Actions) 🎖️ Dev Portals & Agentic Tooling. I 💛 building platforms that ship faster. 15yrs exp. 🌐 webstackbuilders.com,,Primary persona: developer (engineering role/title match: 'platform engineer'),4,4,"Monitor - light engagement, add to watchlist"
Benjamin Ruschin,,Executive Chairman of WeAreDevelopers | Forbes 30 under 30,,Primary persona: CMO/business leader (executive/founder/PM role match: '\bchairman\b'),4,4,"Monitor - light engagement, add to watchlist"
Sandra Vilaró Casas,,"Nurse, Social educator, Web app developer, and a Life long learner",,Primary persona: developer (engineering role/title match: 'developer'),4,4,"Monitor - light engagement, add to watchlist"
Joe Allen,https://linkedin.com/in/joseph-allen-sales,GTM | Try SearchHQ Today,"Setique Labs, Inc.","Primary persona: CMO/business leader (executive/founder/PM role match: '\bfounder\b'), geography in ICP range (US)",4,4,"Monitor - light engagement, add to watchlist"
Sune Hjerrild,,"ArtelizeAI - audience, subscriber, and patron development superpowers for the live events industry | Founder & CEO Artelize | Former International Opera Singer (Tenor)",,Primary persona: CMO/business leader (executive/founder/PM role match: '\bfounder\b'),4,4,"Monitor - light engagement, add to watchlist"
Murtaza Gandhi,,"AI Image Developer & Creative Coder | Crafting Avatars, Ghibli Art & Colorization Magic ✨ | Vanilla JS/HTML/CSS | Open to Small Projects 🚀",,Primary persona: developer (engineering role/title match: 'developer'),4,4,"Monitor - light engagement, add to watchlist"
Leoni Janssen,https://www.linkedin.com/in/leonijanssen,Intelligently Automating Communications & Branding with AI - Builder of Brands,MACH Alliance,"Primary persona: builder (product/ops/marketing/GTM role match: 'builder'), company size in ICP range (11-50)",4,4,"Monitor - light engagement, add to watchlist"
Paulo Araújo,,Software Engineer,,Primary persona: developer (engineering role/title match: 'software engineer'),4,4,"Monitor - light engagement, add to watchlist"
Joshua Butner,,"Dreamer, Designer, and Developer — Making Products for Human Good #makegoodship",,Primary persona: developer (engineering role/title match: 'developer'),4,4,"Monitor - light engagement, add to watchlist"
Brendan Walsh,https://linkedin.com/in/brenwalshsubscribe,CRO Gradyent,,"Primary persona: CMO/business leader (executive/founder/PM role match: '\bcro\b'), geography in ICP range (EU)",4,4,"Monitor - light engagement, add to watchlist"
Muhammad Talha,,Full-Stack Software Engineer (MERN) | SaaS Growth & AI Automation Expert | Scaling Founders to 7-Figures,,Primary persona: developer (engineering role/title match: 'software engineer'),4,4,"Monitor - light engagement, add to watchlist"
Asad Afzal,,"Fractional CRO | Turning Founder-Led Sales Into Scalable Revenue Engines for $5M-15M SaaS Companies | Pipeline, Process & People | 20+ Years B2B Leadership",,Primary persona: CMO/business leader (executive/founder/PM role match: '\bcro\b'),4,4,"Monitor - light engagement, add to watchlist"
Nadav Eylath,https://linkedin.com/in/enadav,Managing Partner Atinc,,Primary persona: CMO/business leader (executive/founder/PM role match: '\bmanaging partner\b'),4,4,"Monitor - light engagement, add to watchlist"
Ben Ackles,,"Senior Product Marketing Manager | Crafting messaging, positioning and go-to-market planning for SaaS products",,Primary persona: builder (product/ops/marketing/GTM role match: 'product marketing'),4,4,"Monitor - light engagement, add to watchlist"
Yueh-Han (Aaron) H.,https://linkedin.com/in/yh-huang,Co-founder @ amazive,amazive,"Primary persona: CMO/business leader (executive/founder/PM role match: '\bfounder\b'), geography in ICP range (US)",4,4,"Monitor - light engagement, add to watchlist"
Asad Afzal,https://linkedin.com/in/asadafzal,"Fractional CRO | Turning Founder-Led Sales Into Scalable Revenue Engines for $5M-15M SaaS Companies | Pipeline, Process & People | 20+ Years B2B Leadership",,Primary persona: CMO/business leader (executive/founder/PM role match: '\bcro\b'),4,4,"Monitor - light engagement, add to watchlist"
Brad Johnson 百面包,https://linkedin.com/in/johnsonbradleyr,Cofounder @ Tool Cognition,johnsn.co,"Primary persona: builder (product/ops/marketing/GTM role match: 'product marketing'), geography in ICP range (US)",4,4,"Monitor - light engagement, add to watchlist"
Cristian Palincas,,Support Strategist and Technical Account Manager at Swift | AI Builders Co-Founder | Systems Thinker | Event Operations Specialist,,Primary persona: builder (product/ops/marketing/GTM role match: 'technical account manager'),4,4,"Monitor - light engagement, add to watchlist"
Abbas Roholamin,https://linkedin.com/in/abbas-roholamin,Frontend Engineer | Javascript | React | Nextjs | TypeScript,Mohana.digital,Primary persona: developer (engineering role/title match: 'software engineer'),4,4,"Monitor - light engagement, add to watchlist"
Sahas Katta,,CEO @ Smartcar.com - We're Hiring!,,Primary persona: CMO/business leader (executive/founder/PM role match: '\bceo\b'),4,4,"Monitor - light engagement, add to watchlist"
Robert Lacy,,Software & Security Leader | Builder,,Primary persona: builder (product/ops/marketing/GTM role match: 'builder'),4,4,"Monitor - light engagement, add to watchlist"
Clint Konzman,,CEO at Onward Advisors & Co-founder at PEO Pro™,,Primary persona: CMO/business leader (executive/founder/PM role match: '\bfounder\b'),4,4,"Monitor - light engagement, add to watchlist"
Eric Silverman,,Engineering Leader,,Secondary persona: technical leader (role/title match: '\bengineering leader\b'),4,4,"Monitor - light engagement, add to watchlist"
Aman Kumar,https://linkedin.com/in/amanai-man,Help you grow your LinkedIn I Ai Tool Promotion I Media Coverage I Calisthenics & Yoga I Happy to Chat +91 8235569237,AI-MAN,Primary persona: CMO/business leader (executive/founder/PM role match: '\bfounder\b'),4,4,"Monitor - light engagement, add to watchlist"
Sarah Jane (SJ) Morris,,"Head of Developer Community at HubSpot - prev. Mailchimp, Shopify, Intel | Connecting builders since pre y2K (ok maybe not but close!)",,Primary persona: developer (engineering role/title match: 'developer'),4,3,"Monitor - light engagement, add to watchlist"
Will De Ath,,"Head of Growth, Inth (YC P26)",,Primary persona: CMO/business leader (executive/founder/PM role match: '\bhead of growth\b'),4,4,"Monitor - light engagement, add to watchlist"
Devin Dickerson,,"Principal Technologist @ MongoDB, Part of Global Field CTO Roster | Ex-Forrester Principal Analyst | Adjunct at Tulane University",,Secondary persona: technical leader (role/title match: '\bcto\b'),4,4,"Monitor - light engagement, add to watchlist"
"Steve Jones, CFA",https://linkedin.com/in/jonessteven,CEO at VeilStream: Preview environments for the AI age | Author - A Mind Made of Math,VeilStream,Primary persona: CMO/business leader (executive/founder/PM role match: '\bfounder\b'),4,3,"Monitor - light engagement, add to watchlist"
Sergei Vinogorov,,"Team Lead Frontend Engineer | 7+ years | React, TS, JS | Fintech & SaaS | Scalable SPAs, Micro Frontends, Modular Architecture",,Primary persona: developer (engineering role/title match: 'frontend engineer'),4,4,"Monitor - light engagement, add to watchlist"
Adrianna Tan,,"Founder, Future Ethics Lab | AI Evaluations, Red Teaming & Deployment Readiness in High Stakes Industries | Former AI Red Team Lead | Ex-PlanetScale & Humane Intelligence",,Primary persona: CMO/business leader (executive/founder/PM role match: '\bfounder\b'),4,4,"Monitor - light engagement, add to watchlist"
S Sohni,,Founder -VibeCodeFixers.com Founding Mod- r/MCPservers Product Owner - Automation/AI Building largest VibeCoding and MCP Community & Ecosystem on 🌍,,Primary persona: CMO/business leader (executive/founder/PM role match: '\bfounder\b'),4,4,"Monitor - light engagement, add to watchlist"
Marc Littlemore,,Engineering Manager at n8n | AI Automation Expert,,Primary persona: developer (engineering role/title match: 'engineering manager'),4,4,"Monitor - light engagement, add to watchlist"
Simon Geiser,,Co-Founder/CEO OpenIAP | xJ.P. Morgan | xAthlete | MSc in Finance ESADE | BSc IB CBS,,Primary persona: CMO/business leader (executive/founder/PM role match: '\bfounder\b'),4,4,"Monitor - light engagement, add to watchlist"
Roberto Butti,,Senior Solutions Engineer at Storyblok,,Primary persona: builder (product/ops/marketing/GTM role match: 'solutions engineer'),4,4,"Monitor - light engagement, add to watchlist"
Calvin Van,,Developer Advocate & Software Engineer | Full Stack | MERN Typescript Next.js | Resilient Coders & 100Devs | Retro Game Lover,,Primary persona: developer (engineering role/title match: 'software engineer'),4,4,"Monitor - light engagement, add to watchlist"
Justin E. Samuels,,"Founder-CEO RenderATL, a Inc 5000 company",,Primary persona: CMO/business leader (executive/founder/PM role match: '\bfounder\b'),4,4,"Monitor - light engagement, add to watchlist"
Jules Coe Joslyn,,"Chief of Staff to CEO, 180 Studios | Former CoS at Limitless (Acquired by Meta) | ex-GitHub, ex-Netlify",,Primary persona: CMO/business leader (executive/founder/PM role match: '\bceo\b'),3,3,"Monitor - light engagement, add to watchlist"
Frode Jensen,https://linkedin.com/in/jensenfrode,"Co-founder, developer and operations at Scrimba",HEARTFELT_,"Primary persona: developer (engineering role/title match: 'developer'), company size in ICP range (11-50), geography in ICP range (EU)",3,3,"Monitor - light engagement, add to watchlist"
Reed Clayton,,"Co-Founder, CEO at Codezero - The Credential Containment Layer that closes the gap on modern architectures.",,Primary persona: CMO/business leader (executive/founder/PM role match: '\bfounder\b'),3,3,"Monitor - light engagement, add to watchlist"
Vanessa Ramos,https://linkedin.com/in/vramos,Founding Product Manager @ Trayo AI,,Primary persona: CMO/business leader (executive/founder/PM role match: '\bproduct manager\b'),3,3,"Monitor - light engagement, add to watchlist"
Lene S. Schulze,https://linkedin.com/in/leneschulze,"Digital Infrastructure & Connectivity Strategy | Public Sector Programs | Strategic Partnerships & Market Entry | Venture Partner | Founder, Nord Strategies",Scale Capital,"Primary persona: CMO/business leader (executive/founder/PM role match: '\bfounder\b'), geography in ICP range (US)",3,3,"Monitor - light engagement, add to watchlist"
Jaakko Timonen,https://linkedin.com/in/jtimonen,"Co-Founder @ GitHits. Code examples for coding agents and developers, distilled from open source repos | Advocate for Radical Candor | Definitely NOT looking for any outsourcing services ☝️",Softlandia Ltd.,"Primary persona: CMO/business leader (executive/founder/PM role match: '\bfounder\b'), geography in ICP range (EU)",3,2,"Monitor - light engagement, add to watchlist"
Melanie Crissey,,Go-to-market advisor and fractional marketing leader for startups in the developer tools space,,Primary persona: developer (engineering role/title match: 'developer'),3,3,"Monitor - light engagement, add to watchlist"
Akram H.,https://linkedin.com/in/akramh,"Founder & CEO at Rengage | Ex-Uber, Microsoft | Builder of 0→1 Teams",,"Primary persona: builder (product/ops/marketing/GTM role match: 'builder'), geography in ICP range (US)",3,3,"Monitor - light engagement, add to watchlist"
Alick Freeman,,Founder | ProofSign,,Primary persona: CMO/business leader (executive/founder/PM role match: '\bfounder\b'),3,3,"Monitor - light engagement, add to watchlist"
María de Antón,,"Staff Product Manager @ Checkly | Talk with me about AI, Observability and Developer Experience.",,Primary persona: developer (engineering role/title match: 'developer'),3,3,"Monitor - light engagement, add to watchlist"
Morrie Nimmer,,"Founder, PinpointVerify | Are your applicants real people?",,Primary persona: CMO/business leader (executive/founder/PM role match: '\bfounder\b'),3,3,"Monitor - light engagement, add to watchlist"
Alin Tanase,,Technology Partner Manager,,Primary persona: builder (product/ops/marketing/GTM role match: 'partner manager'),3,3,"Monitor - light engagement, add to watchlist"
Jonathan Bryce,,"Cloud, AI, Open Source, Startups | CEO, Founder, Board Member, Advisor",,Primary persona: CMO/business leader (executive/founder/PM role match: '\bfounder\b'),3,3,"Monitor - light engagement, add to watchlist"
Vanja Ahmetović,,Driving growth for tech brands through developer communities & events | Strategic Partnerships @ WeAreDevelopers,,Primary persona: developer (engineering role/title match: 'developer'),3,3,"Monitor - light engagement, add to watchlist"
Shashi Lo,https://linkedin.com/in/shashilo,Principal Design Engineer at Zephyr Cloud,Zephyr Cloud,"Primary persona: developer (engineering role/title match: 'engineering manager'), geography in ICP range (US)",3,3,"Monitor - light engagement, add to watchlist"
Eric Jensen,https://linkedin.com/in/erichjensen,Maximizing the ROI of AI.,JNSN Co,"Primary persona: CMO/business leader (executive/founder/PM role match: '\bfounder\b'), geography in ICP range (US)",3,3,"Monitor - light engagement, add to watchlist"
Marko Mudrinić,,Developer Content | Infobip + ShiftMag,,Primary persona: developer (engineering role/title match: 'developer'),3,3,"Monitor - light engagement, add to watchlist"
Chris Griffing,,Developer Advocate,,Primary persona: developer (engineering role/title match: 'developer'),3,3,"Monitor - light engagement, add to watchlist"
Corrie White,,Founder & Lead Strategist | Run Your Social | 7 Years Building Brands Online for Small Businesses | M.S. Sport & Performance Psychology,,Primary persona: CMO/business leader (executive/founder/PM role match: '\bfounder\b'),3,3,"Monitor - light engagement, add to watchlist"
Renato Sayon Jr.,,Salesforce Analyst (RevOps) - Salesforce Administrator - Coupa System Administrator - 3x Salesforce Certified,,Primary persona: builder (product/ops/marketing/GTM role match: 'revops'),3,3,"Monitor - light engagement, add to watchlist"
Simon Turner,https://linkedin.com/in/simontturner,Increasing Win Rates for HubSpot B2B Customers | founder @ cocorev,cocorev,"Primary persona: CMO/business leader (executive/founder/PM role match: '\bfounder\b'), geography in ICP range (EU)",3,3,"Monitor - light engagement, add to watchlist"
Joel Varty,https://linkedin.com/in/joelvarty,"CTO, Agility CMS | Building AI-native content infrastructure | 21 years bootstrapped",,Secondary persona: technical leader (role/title match: '\bcto\b'),3,3,"Monitor - light engagement, add to watchlist"
Ryan McKenna,https://linkedin.com/in/rekenna,Principal Engineer @ RVO Health,RVO Health,"Primary persona: developer (engineering role/title match: 'software engineer'), company size in ICP range (11-50), geography in ICP range (US)",3,3,"Monitor - light engagement, add to watchlist"
Henri Helvetica,https://linkedin.com/in/henri-helvetica,Developer Comms,,Primary persona: developer (engineering role/title match: 'developer'),3,3,"Monitor - light engagement, add to watchlist"
Lakeisha Coston-Nhep,https://www.linkedin.com/in/lakeishacostonnhep/,Customer Success Manager  | Driving Net Revenue Retention & Scalable Growth | Strategic Account Management,,"Primary persona: builder (product/ops/marketing/GTM role match: 'customer success'), geography in ICP range (US)",3,3,"Monitor - light engagement, add to watchlist"
Hjalti H. Jonsson,https://linkedin.com/in/hjalti-jonsson,"Co-Founder @ HEKLA.cc - agentic infrastructure for SMVs, founders & performers. DEMO: hjalti@hekla.cc",,"Primary persona: CMO/business leader (executive/founder/PM role match: '\bfounder\b'), geography in ICP range (EU)",3,3,"Monitor - light engagement, add to watchlist"
Dave Geddes,https://linkedin.com/in/dave-geddes-89b88b3,Senior Staff Engineer @Awardco,,Primary persona: developer (engineering role/title match: 'staff engineer'),3,3,"Monitor - light engagement, add to watchlist"
Jordan Whistler,,Software Engineer,,Primary persona: developer (engineering role/title match: 'software engineer'),3,3,"Monitor - light engagement, add to watchlist"
Edith Harbaugh,,CEO and Cofounder at LaunchDarkly,,Primary persona: CMO/business leader (executive/founder/PM role match: '\bcofounder\b'),3,3,"Monitor - light engagement, add to watchlist"
Stefan Haas,,Senior Software Engineer at Microsoft,,Primary persona: developer (engineering role/title match: 'software engineer'),3,3,"Monitor - light engagement, add to watchlist"
Andrew Cai,https://linkedin.com/in/andrewcai8,Virio,Virio,"Primary persona: CMO/business leader (executive/founder/PM role match: '\bfounder\b'), company size in ICP range (11-50), geography in ICP range (US)",3,3,"Monitor - light engagement, add to watchlist"
Ethan Jucovy,,Full stack developer for social benefit orgs and small business,,Primary persona: developer (engineering role/title match: 'developer'),3,3,"Monitor - light engagement, add to watchlist"
William Schleifer,,"0→1 CTO & Engineering Leader · 2 startup exits · ex-VP Engineering, Bed Bath & Beyond",,Secondary persona: technical leader (role/title match: '\bcto\b'),3,3,"Monitor - light engagement, add to watchlist"
Eugene L.,,"Fractional CTO & Lead Backend Engineer | I fix slow, expensive backends | 100× latency gains, 100K MAU in 3 months | Fintech · PostgreSQL · AWS | Remote",,Primary persona: developer (engineering role/title match: 'backend engineer'),3,3,"Monitor - light engagement, add to watchlist"
Eugenio Scafati,https://linkedin.com/in/eugenio-scafati,CEO @Autonoma | Ex-Google | ITBA,Autonoma,Primary persona: CMO/business leader (executive/founder/PM role match: '\bfounder\b'),3,2,"Monitor - light engagement, add to watchlist"
Kenneth Auchenberg 🛠,https://linkedin.com/in/auchenberg,"Partner, AlleyCorp",Actual AI,"Primary persona: CMO/business leader (executive/founder/PM role match: '\bboard member\b'), company size in ICP range (11-50), geography in ICP range (US)",3,3,"Monitor - light engagement, add to watchlist"
Nolan Franklin,,Senior Developer @ Salesforce | Growth Experimentation | AI-assisted experimentation and workflows,,Primary persona: developer (engineering role/title match: 'developer'),3,3,"Monitor - light engagement, add to watchlist"
Oscar Eduardo Oceguera Bibriesca,,Sr. Software Engineer at Clip,,Primary persona: developer (engineering role/title match: 'software engineer'),3,3,"Monitor - light engagement, add to watchlist"
Jordan Broderson,,Senior Emergency Management Specialist | Strategist & Systems Builder | Psychosocial & Welfare | Humanitarian Response & Deployments | Capability Development,,Primary persona: builder (product/ops/marketing/GTM role match: 'builder'),3,3,"Monitor - light engagement, add to watchlist"
Shinji Kim,,"Product @ Snowflake | Founder & CEO, Select Star (acquired by Snowflake)",,Primary persona: CMO/business leader (executive/founder/PM role match: '\bfounder\b'),3,3,"Monitor - light engagement, add to watchlist"
Eugene Malobrodsky,,Managing Partner @ One Way Ventures | Serial Entrepreneur,,Primary persona: CMO/business leader (executive/founder/PM role match: '\bmanaging partner\b'),3,3,"Monitor - light engagement, add to watchlist"
Joel Varty,,"CTO, Agility CMS | Building AI-native content infrastructure | 21 years bootstrapped",,Secondary persona: technical leader (role/title match: '\bcto\b'),3,3,"Monitor - light engagement, add to watchlist"
Luke Bowler,https://linkedin.com/in/lukebowler,Head of Client Services & Growth @ Therefore Interactive | AgilePM® Practitioner,Therefore Interactive | Digital Agency,Primary persona: CMO/business leader (executive/founder/PM role match: '\bbusiness development\b'),3,3,"Monitor - light engagement, add to watchlist"
Alex Kyriakidis,,"CEO, Educator, Founder at BitterBrains",,Primary persona: CMO/business leader (executive/founder/PM role match: '\bfounder\b'),3,3,"Monitor - light engagement, add to watchlist"
Holly Hall,,"Managing Director, MACH Alliance",,Primary persona: CMO/business leader (executive/founder/PM role match: '\bmanaging director\b'),3,3,"Monitor - light engagement, add to watchlist"
Federico Lopez Esquibel,https://linkedin.com/in/federico-lopez-esquibel-7985491a,"Curious, researcher & executive | Passionate builder | Forward thinker",Universidad Católica de Valencia San Vicente Mártir,"Primary persona: builder (product/ops/marketing/GTM role match: 'builder'), geography in ICP range (EU)",3,3,"Monitor - light engagement, add to watchlist"
Utpal Nadiger,https://linkedin.com/in/utpalnadiger,co-founder @ digger.dev (we’re hiring),Digger,"Primary persona: CMO/business leader (executive/founder/PM role match: '\bfounder\b'), geography in ICP range (US)",3,3,"Monitor - light engagement, add to watchlist"
Gabriel Dillon,,"GTM Lead, Personalization at Contentful | Partner & Ecosystem Strategy | Cloud, Data & AI-Native Tech | YC Alum (W15)",,Primary persona: CMO/business leader (executive/founder/PM role match: '\bgtm lead\b'),3,3,"Monitor - light engagement, add to watchlist"
Serif COLAKEL,,Sr. Software Engineer,,Primary persona: developer (engineering role/title match: 'software engineer'),3,3,"Monitor - light engagement, add to watchlist"
Avnit Singh,,CEO at TechBBQ,,Primary persona: CMO/business leader (executive/founder/PM role match: '\bceo\b'),3,3,"Monitor - light engagement, add to watchlist"
Matt Baker,https://linkedin.com/in/m22baker,"VP, Revenue Operations & GTM Strategy | AI-Driven GTM Architecture | Ex-LaunchDarkly & Intuit",Endgame,"Primary persona: builder (product/ops/marketing/GTM role match: 'revenue operations'), company size in ICP range (11-50), geography in ICP range (US)",3,3,"Monitor - light engagement, add to watchlist"
bethany ann,,"Software Engineer | Specializing in .NET Core, C#, Typescript & React",,Primary persona: developer (engineering role/title match: 'software engineer'),3,3,"Monitor - light engagement, add to watchlist"
Jordan Whistler,https://linkedin.com/in/jordanwhistler,Software Engineer,,Primary persona: developer (engineering role/title match: 'software engineer'),3,3,"Monitor - light engagement, add to watchlist"
Nikul Bhatt,https://linkedin.com/in/nikulb,Senior Partner @ Karma Free Capital (KFC Ventures),KFC Ventures,"Secondary persona: technical leader (role/title match: '\bcto\b'), geography in ICP range (US)",3,2,"Monitor - light engagement, add to watchlist"
Fran Agulto,,Developer Advocate Engineer- Headless WordPress@WP Engine,,Primary persona: developer (engineering role/title match: 'developer'),3,3,"Monitor - light engagement, add to watchlist"
Marek Nalikowski,,Developer Marketing @ bunny.net | Substack: DevPMM,,Primary persona: developer (engineering role/title match: 'developer'),3,3,"Monitor - light engagement, add to watchlist"
Jainish Rathod,https://linkedin.com/in/jainish-rathod,Venture Capital | Built World | BBRadar |Construction Tech | Deep-Tech | AEC Industry | AI,,"Primary persona: CMO/business leader (executive/founder/PM role match: '\bventure capitalist\b'), geography in ICP range (US)",3,3,"Monitor - light engagement, add to watchlist"
Aileen Villanueva,,Senior Front End Developer / Scrum master,,Primary persona: developer (engineering role/title match: 'developer'),3,3,"Monitor - light engagement, add to watchlist"
javier ramirez,,Developer Advocate - Developer Relations Lead at QuestDB,,Primary persona: developer (engineering role/title match: 'developer'),3,3,"Monitor - light engagement, add to watchlist"
William U. Imoh,https://linkedin.com/in/william-imoh,"CEO at Hackmamba, Co-organizing AI Mad Lab, Student Pilot",Hackmamba,"Primary persona: CMO/business leader (executive/founder/PM role match: '\bfounder\b'), geography in ICP range (EU)",3,3,"Monitor - light engagement, add to watchlist"
Luis A. Sanchez,,Builder of digital ecosystems for public benefit,,Primary persona: builder (product/ops/marketing/GTM role match: 'builder'),3,3,"Monitor - light engagement, add to watchlist"
Keegan McGonigle,,Software Engineer | keebabit.dev,,Primary persona: developer (engineering role/title match: 'software engineer'),3,3,"Monitor - light engagement, add to watchlist"
Jamie Barton,https://linkedin.com/in/notrab,dx engineer @ bunny.net,bunny.net,"Primary persona: developer (engineering role/title match: 'software engineer'), geography in ICP range (EU)",3,3,"Monitor - light engagement, add to watchlist"
Sarah Drasner,https://linkedin.com/in/sarahdrasner,"Area Tech Lead, AI Web Ecosystem (L9)",Google,"Secondary persona: technical leader (role/title match: '\btech lead\b'), geography in ICP range (US)",3,2,"Monitor - light engagement, add to watchlist"
Aurelien G.,,Product Builder | strapi.io | fimo.ai,,Primary persona: builder (product/ops/marketing/GTM role match: 'builder'),3,3,"Monitor - light engagement, add to watchlist"
Salvador Suárez,,"Co-founder, Partner of Good Rebels - AI Mkt Expert, Mentor, Academic Director, Investor",,Primary persona: CMO/business leader (executive/founder/PM role match: '\bfounder\b'),3,3,"Monitor - light engagement, add to watchlist"
Alexander Jung,,CPO @ Unikraft | <​10ms cold starts anywhere,,Primary persona: CMO/business leader (executive/founder/PM role match: '\bcpo\b'),3,3,"Monitor - light engagement, add to watchlist"
Lilian Buitrago,https://linkedin.com/in/lilianbc10,AI Business Practice Lead,Microsoft,"Primary persona: builder (product/ops/marketing/GTM role match: 'builder'), geography in ICP range (US)",3,3,"Monitor - light engagement, add to watchlist"
Paddy Keane,https://linkedin.com/in/paddy-keane-9273b21,Building experiences with intelligence that acts - across screens & space | Creative Technologist | ᯅ,Sinjin Studio,"Primary persona: CMO/business leader (executive/founder/PM role match: '\bfounder\b'), geography in ICP range (EU)",3,3,"Monitor - light engagement, add to watchlist"
Sebastiaan van Bergen,,Regional Partner Manager Benelux | Building Strategic Partnerships | Enterprise Revenue Growth,,Primary persona: builder (product/ops/marketing/GTM role match: 'partner manager'),3,3,"Monitor - light engagement, add to watchlist"
Zach Kelling,,"CTO @ Satschel, Inc and Liquidity.io; Techstars ’17",,Secondary persona: technical leader (role/title match: '\bcto\b'),3,3,"Monitor - light engagement, add to watchlist"
Makram O.,https://linkedin.com/in/makramoudil,Digital Product Manager,Saucedd,"Primary persona: builder (product/ops/marketing/GTM role match: 'builder'), geography in ICP range (EU)",3,3,"Monitor - light engagement, add to watchlist"
Eugene L.,https://linkedin.com/in/eugeneleontev,"Fractional CTO & Lead Backend Engineer | I fix slow, expensive backends | 100× latency gains, 100K MAU in 3 months | Fintech · PostgreSQL · AWS | Remote",,Primary persona: developer (engineering role/title match: 'backend engineer'),3,3,"Monitor - light engagement, add to watchlist"
Kaelig Deloumeau-Prigent,https://linkedin.com/in/kaelig,Co-chair @ Design Tokens Community Group,Design Tokens Community Group,"Primary persona: CMO/business leader (executive/founder/PM role match: '\bfounder\b'), geography in ICP range (US)",3,3,"Monitor - light engagement, add to watchlist"
Matthew Garrepy,https://linkedin.com/in/mattgarrepy,"Chief Digital Officer, CMS Analyst & Cloud Evangelist",,Primary persona: CMO/business leader (executive/founder/PM role match: '\bchief digital\b'),3,3,"Monitor - light engagement, add to watchlist"
Michiel van der Ros,,"Staff Engineer - Tech Lead Web Development at TomTom. Storyblok MVP 2026. Currently using Claude Code, Astro, Svelte, React, NextJS, Tailwind, Storyblok CMS, Kubernetes, Azure, Docker, Vitest and Storybook on tomtom.com",,Primary persona: developer (engineering role/title match: 'staff engineer'),3,3,"Monitor - light engagement, add to watchlist"
Douglas Araujo de Moura,,Software Engineer,,Primary persona: developer (engineering role/title match: 'software engineer'),3,3,"Monitor - light engagement, add to watchlist"
Nazir Ahmad Rahmaty,,Full Stack Web Developer | Software Engineer | JavaScript | TypeScript | React | Next.js | NestJS MySQL | PostgreSQL | MongoDB | Rust | 4,,Primary persona: developer (engineering role/title match: 'software engineer'),3,3,"Monitor - light engagement, add to watchlist"
Matthew Elder,https://linkedin.com/in/matthewelder,"Engineer, Builder, Entrepreneur",Jupiter Software,"Primary persona: builder (product/ops/marketing/GTM role match: 'builder'), geography in ICP range (US)",3,3,"Monitor - light engagement, add to watchlist"
Aleck Franceschini,,"Head of North America & Executive Recruiting @ Freshworks | I Build Leadership Teams That Scale SaaS/AI Companies | Founder, Truth In Talent",,Primary persona: CMO/business leader (executive/founder/PM role match: '\bfounder\b'),3,3,"Monitor - light engagement, add to watchlist"
James McGlasson,,"Interim CMO | Co-Founder FemTechConf®, Co-CEO Women in AI",,Primary persona: CMO/business leader (executive/founder/PM role match: '\bcmo\b'),2,2,"Monitor - light engagement, add to watchlist"
Madhukar Kumar,https://linkedin.com/in/madhukarkumar,Developer -> CMO -> Founder,Robynn,"Primary persona: developer (engineering role/title match: 'developer'), geography in ICP range (US)",2,2,"Monitor - light engagement, add to watchlist"
Natalya Oger,,Founder at SEO Duck | Senior SEO Strategist for B2B SaaS & Tech | SEO Mentor & Lecturer,,Primary persona: CMO/business leader (executive/founder/PM role match: '\bfounder\b'),2,2,"Monitor - light engagement, add to watchlist"
Marcus Eagan,,Founder @ Nativelink,,Primary persona: CMO/business leader (executive/founder/PM role match: '\bfounder\b'),2,2,"Monitor - light engagement, add to watchlist"
Jon Barrett,https://linkedin.com/in/jon-barrett-129bb9b,"Production-Grade, Agentic AI Agent Engineer, AX & Researcher | AI Prompt Engineer | Lead Generator | SEO, AEO, GEO Content Engineer | Product Marketing Manager | Scaling AI Entity, CRO & Revenue for SaaS & Enterprise",,Primary persona: builder (product/ops/marketing/GTM role match: 'product marketing'),2,2,"Monitor - light engagement, add to watchlist"
Anthony Gore,,Full-stack web developer ◆ Founder ◆ Author of “Full-Stack Vue 2 and Laravel 5” (Packt),,Primary persona: developer (engineering role/title match: 'developer'),2,2,"Monitor - light engagement, add to watchlist"
Robert Curlette,,Senior Sales Engineer @ Uniform | Composable DXP | Helping teams ship faster,,Primary persona: builder (product/ops/marketing/GTM role match: 'sales engineer'),2,2,"Monitor - light engagement, add to watchlist"
Tony Spiro,https://linkedin.com/in/tonyspiro,CEO @ Cosmic,,Primary persona: CMO/business leader (executive/founder/PM role match: '\bceo\b'),2,2,"Monitor - light engagement, add to watchlist"
Andrew Valencia,https://linkedin.com/in/andrew-valencia-sf,"Co-Founder, COO QPoint",Orderly Health,"Primary persona: CMO/business leader (executive/founder/PM role match: '\bfounder\b'), geography in ICP range (US)",2,2,"Monitor - light engagement, add to watchlist"
Audrey Vargas,,Sales & Business Development Leader | Skincare & Treatment Educator | Licensed Esthetician | Clean Beauty Expert,,Primary persona: CMO/business leader (executive/founder/PM role match: '\bbusiness development\b'),2,2,"Monitor - light engagement, add to watchlist"
Richard Banh,https://linkedin.com/in/richard--banh,"Software Engineer, Founder @ strukt",Strukt,Primary persona: developer (engineering role/title match: 'software engineer'),2,1,"Monitor - light engagement, add to watchlist"
Alexander Berger,,COO @ Bolt.new,,Primary persona: CMO/business leader (executive/founder/PM role match: '\bcoo\b'),2,2,"Monitor - light engagement, add to watchlist"
Michael Daniels,,"Chief Software Architect at Milesoft | I talk about software engineering, all things AI, and video editing.",,Primary persona: developer (engineering role/title match: 'software engineering'),2,2,"Monitor - light engagement, add to watchlist"
Lidia Vijga,https://linkedin.com/in/lidiavi,Tech founder exploring journalism and ghostwriting. Experimenting with AI search.,byvi,Secondary persona: technical leader (role/title match: '\btech founder\b'),2,2,"Monitor - light engagement, add to watchlist"
Thomas Korsgaard,,🔥 Developing relationships and value between Aarhus University and external partners. Strategic partnerships. Entrepreneurship. Ecosystems. Space. Defence. Dual-use. 👨‍🎓 MBA ⚡ Board Member,,Primary persona: CMO/business leader (executive/founder/PM role match: '\bboard member\b'),2,2,"Monitor - light engagement, add to watchlist"
Anders Ranum,,Managing Director at Sapphire Ventures,,Primary persona: CMO/business leader (executive/founder/PM role match: '\bmanaging director\b'),2,2,"Monitor - light engagement, add to watchlist"
Peter Brandt Müller,,Product and customer focused fullstack lead engineer with CTO experience,,Primary persona: developer (engineering role/title match: 'lead engineer'),2,2,"Monitor - light engagement, add to watchlist"
Vishal Arya,https://linkedin.com/in/vishalarya1,"Build successful sales teams for complex, technical startups",Scribe,"Primary persona: developer (engineering role/title match: 'developer'), geography in ICP range (US)",2,2,"Monitor - light engagement, add to watchlist"
Divya _,,Platform Engineer,,Primary persona: developer (engineering role/title match: 'platform engineer'),2,2,"Monitor - light engagement, add to watchlist"
Shola Jegede,,Developer Experience Engineer | Technical Writer | AI Platforms & SDKs,,Primary persona: developer (engineering role/title match: 'developer'),2,2,"Monitor - light engagement, add to watchlist"
Risat Rajin,https://linkedin.com/in/risatrajin,"Product Designer | Designing calm, human-centered experiences for AI & SaaS",,Primary persona: CMO/business leader (executive/founder/PM role match: '\bpresident\b'),2,1,"Monitor - light engagement, add to watchlist"
Markus Seyfferth,,Managing Partner Dr. Web GmbH & Co. KG,,Primary persona: CMO/business leader (executive/founder/PM role match: '\bmanaging partner\b'),2,2,"Monitor - light engagement, add to watchlist"
Lauren Buchman,,"Leading PMM at GitHub. Formerly Cloudflare, Google Cloud, Google DevRel, Tailscale.",,Primary persona: developer (engineering role/title match: 'devrel'),2,2,"Monitor - light engagement, add to watchlist"
Ritwik Chitransh,https://linkedin.com/in/ritwik-chitransh-82384ab4,Java | SpringBoot | Microservices | HTML | CSS | JavaScript | Kafka | AWS | Ex Software Engineer at TeamViewer | Software Engineering Specialist at GE Aerospace| Ex System Engineer at TCS,,Primary persona: developer (engineering role/title match: 'software engineer'),2,2,"Monitor - light engagement, add to watchlist"
Himank Chaudhary,,Co-Founder & CTO - Tigris Data,,Secondary persona: technical leader (role/title match: '\bcto\b'),2,2,"Monitor - light engagement, add to watchlist"
Jason St-Cyr,,Developer Relations Leader @ Perforce Software,,Primary persona: developer (engineering role/title match: 'developer'),2,2,"Monitor - light engagement, add to watchlist"
Levi Robertson,https://linkedin.com/in/levi-robertson,Software Developer,,Primary persona: developer (engineering role/title match: 'software developer'),2,2,"Monitor - light engagement, add to watchlist"
Brienna Herold,,"Founder, Signs of Good Food | Software Engineer, ex-NYT & Netlify",,Primary persona: developer (engineering role/title match: 'software engineer'),2,2,"Monitor - light engagement, add to watchlist"
Prem Saldanha,,Engineering Manager,,Primary persona: developer (engineering role/title match: 'engineering manager'),2,2,"Monitor - light engagement, add to watchlist"
Casper Aagaard Rasmussen,https://linkedin.com/in/casper-aagaard-rasmussen,"Global Exec at Valtech | Ex-President at the MACH Alliance | Investor | Leader in MACH, AI and Connecting the Enterprise",,Primary persona: CMO/business leader (executive/founder/PM role match: '\bpresident\b'),2,2,"Monitor - light engagement, add to watchlist"
Josh Dzielak,,Staff Engineer - Postman AI Team,,Primary persona: developer (engineering role/title match: 'staff engineer'),2,2,"Monitor - light engagement, add to watchlist"
Sallyann Della Casa,https://linkedin.com/in/sallyanndellacasa,"Your competitive advantage isn’t an AI tool alone. It’s also a Wise Human, with Taste and Judgement, who helps you avoid your next problem before you have it | CEO @ GLEAC",,Primary persona: CMO/business leader (executive/founder/PM role match: '\bceo\b'),2,2,"Monitor - light engagement, add to watchlist"
Osama Iqbal,,"Senior Full-Stack & AI Engineer | 6+ Years Building Scalable SaaS, AI & Web Platforms | MERN, Python & LangChain Specialist | HealthTech, SaaS & E-Commerce | Technical Leadership & Operational Excellence",,Primary persona: developer (engineering role/title match: 'ai engineer'),2,2,"Monitor - light engagement, add to watchlist"
S Sohni,https://linkedin.com/in/s-sohni-91142316,Founder -VibeCodeFixers.ai || Claude Community Leader || Founding Mod- r/MCPservers || Product Owner - Automation/AI || Building largest VibeCoding and MCP Community & Ecosystem on 🌍,,Primary persona: CMO/business leader (executive/founder/PM role match: '\bfounder\b'),2,2,"Monitor - light engagement, add to watchlist"
Kenneth Eversole,https://linkedin.com/in/kennetheversole,Co-Founder & CEO at OpsCompanion | Ship with AI tools and know nothing breaks.,WSU Voiland College of Engineering and Architecture,"Primary persona: CMO/business leader (executive/founder/PM role match: '\bfounder\b'), geography in ICP range (US)",2,2,"Monitor - light engagement, add to watchlist"
Ben Haynes,,Founder & CEO of Directus,,Primary persona: CMO/business leader (executive/founder/PM role match: '\bfounder\b'),2,2,"Monitor - light engagement, add to watchlist"
Tudor Golubenco,https://linkedin.com/in/tudorgolubenco,CTO at Xata,Xata.io,"Secondary persona: technical leader (role/title match: '\bcto\b'), geography in ICP range (US)",2,2,"Monitor - light engagement, add to watchlist"
Joost Meijles,,Software Architect | Tech Lead | 20 years experience in Software Development,,Secondary persona: technical leader (role/title match: '\btech lead\b'),2,2,"Monitor - light engagement, add to watchlist"
Christian Hansen,,"Co-Founder, Advisor at Cobalt.io",,Primary persona: CMO/business leader (executive/founder/PM role match: '\bfounder\b'),2,2,"Monitor - light engagement, add to watchlist"
Michael Barron,,"Founder & COO @ NeedleSmart | Building clinical-to-digital infrastructure for point-of-care intelligence, workflow visibility, and AI-ready healthcare systems",,Primary persona: CMO/business leader (executive/founder/PM role match: '\bfounder\b'),2,2,"Monitor - light engagement, add to watchlist"
Ahmed Shahid,,"19, Software Engineer by title | Product Builder by craft",,Primary persona: developer (engineering role/title match: 'software engineer'),2,2,"Monitor - light engagement, add to watchlist"
Marko Tadic,,Tech Sales | Business Development | Tech Media| Netokracija | Infobip |,,Primary persona: CMO/business leader (executive/founder/PM role match: '\bbusiness development\b'),2,2,"Monitor - light engagement, add to watchlist"
Delyn S.,,"VP of Product Marketing | Consultant | Prev. Shopify, eBay, Atlassian, Google Cloud Platform",,Primary persona: builder (product/ops/marketing/GTM role match: 'product marketing'),2,2,"Monitor - light engagement, add to watchlist"
Paiman Vahdati,https://linkedin.com/in/paimanvahdati,"When webhooks fail, engineers scramble & customers suffer. Svix makes sure they don’t.",Svix,"Primary persona: CMO/business leader (executive/founder/PM role match: '\bfounder\b'), geography in ICP range (US)",2,2,"Monitor - light engagement, add to watchlist"
Lindsay Terry-Lloyd,,Founder at KLIMB Consulting,,Primary persona: CMO/business leader (executive/founder/PM role match: '\bfounder\b'),2,2,"Monitor - light engagement, add to watchlist"
Niloofar Farnoosh,,Senior Principal Software Engineer at Cadence Design Systems,,Primary persona: developer (engineering role/title match: 'software engineer'),2,2,"Monitor - light engagement, add to watchlist"
Blaz Krapez,https://linkedin.com/in/blazkrapez,Advanced Frontend Developer at Sinful,Sinful Group,"Primary persona: developer (engineering role/title match: 'developer'), geography in ICP range (EU)",2,2,"Monitor - light engagement, add to watchlist"
Tim Garza,,"Founder, Hearing Colors LLC | Operations & Project Management Professional | Process Automation & Business Systems Enthusiast | ASQ Member | Preparing for CSSGB",,Primary persona: CMO/business leader (executive/founder/PM role match: '\bfounder\b'),2,2,"Monitor - light engagement, add to watchlist"
Stefan Avram,https://linkedin.com/in/stefan-avram-62696713a,Head of Business at OpenCode  | Prev. Co-Founder of WunderGraph,Anomaly,"Primary persona: CMO/business leader (executive/founder/PM role match: '\bfounder\b'), geography in ICP range (US)",2,2,"Monitor - light engagement, add to watchlist"
Soren Krogh-Jensen,,"Design Industry Founder & Operator | 26+ Years Expanding BoConcept Globally | Multi-Unit Retail, B2B Furnishings, Operations & Growth Strategy | Exploring Strategic Partnerships",,Primary persona: CMO/business leader (executive/founder/PM role match: '\bfounder\b'),2,2,"Monitor - light engagement, add to watchlist"
Jon Eide Johnsen,https://linkedin.com/in/joneidejohnsen,Head of Growth & Data @ Sanity,Sanity,"Primary persona: CMO/business leader (executive/founder/PM role match: '\bhead of growth\b'), geography in ICP range (US)",2,2,"Monitor - light engagement, add to watchlist"
Yousef Elshafay,,Senior Backend & ML Platform Engineer,,Primary persona: developer (engineering role/title match: 'platform engineer'),2,2,"Monitor - light engagement, add to watchlist"
Nikolche Mihajlovski,,Founder of Craftian.AI,,Primary persona: CMO/business leader (executive/founder/PM role match: '\bfounder\b'),2,2,"Monitor - light engagement, add to watchlist"
Daniel Paulus,https://linkedin.com/in/daniel-paulus-checkly,"Detect and resolve issues 10x faster, at a fraction of the price with Monitoring As code",Checkly,"Primary persona: developer (engineering role/title match: 'software engineering'), geography in ICP range (EU)",2,2,"Monitor - light engagement, add to watchlist"
Debosmit Ray (debo),https://linkedin.com/in/debo-ray,CEO at DevZero | The Kubernetes efficiency platform | Cut your K8s costs by 30–80%,DevZero,"Primary persona: CMO/business leader (executive/founder/PM role match: '\bfounder\b'), company size in ICP range (11-50), geography in ICP range (US)",2,2,"Monitor - light engagement, add to watchlist"
Mohammed Tahir,https://linkedin.com/in/mohammed-tahir7,Helping devtools win trust with technical audiences | Full-stack Growth marketer | MBA,Hackmamba,Primary persona: builder (product/ops/marketing/GTM role match: 'growth marketing'),2,2,"Monitor - light engagement, add to watchlist"
Stefano Bartoletti,,👨‍💻 Freelance Web Developer ✨ Merging technical expertise with creativity and aesthetics 🏆 Storyblok MVP 💚 Vue | Nuxt | GSAP | Front-End | Creative Development,,Primary persona: developer (engineering role/title match: 'developer'),2,2,"Monitor - light engagement, add to watchlist"
Martin Hobert,,Senior Engineering Manager at LEGO,,Primary persona: developer (engineering role/title match: 'engineering manager'),2,2,"Monitor - light engagement, add to watchlist"
Sundus Ali,,"Technical Lead | Full-Stack (React, Node, Python) | AI-Powered SaaS & Scalable Systems | System Design & Architecture",,Secondary persona: technical leader (role/title match: '\btechnical lead\b'),2,2,"Monitor - light engagement, add to watchlist"
M. Alptekin ISIKLAR,https://linkedin.com/in/alptekinisiklar,Software / Web Developer at Aselsan,,Primary persona: developer (engineering role/title match: 'developer'),2,2,"Monitor - light engagement, add to watchlist"
Daniel Mendoza,,Senior Developer Relations Engineer @ Storyblok | Speaker | Fashionista | Musician,,Primary persona: developer (engineering role/title match: 'developer'),2,2,"Monitor - light engagement, add to watchlist"
Patrick Woods,https://linkedin.com/in/patrickjwoods,Founder & Ecosystem Operator | Scaled Developer Platforms | PMF & Early GTM Systems,,"Primary persona: developer (engineering role/title match: 'developer'), geography in ICP range (US)",2,2,"Monitor - light engagement, add to watchlist"
Murk Creusen,https://linkedin.com/in/murk-creusen-134b1918,"Founder, Strength Hack AI | I help Tech Leaders engineer “Swift Trust” & build self-running teams | Executive Coach & Author",The Strength Hack,"Primary persona: CMO/business leader (executive/founder/PM role match: '\bfounder\b'), geography in ICP range (EU)",2,1,"Monitor - light engagement, add to watchlist"
Luca M.,https://linkedin.com/in/lucamaraschi,"Helping enterprise teams build, manage & scale Node.js applications | CEO @ Platformatic",Platformatic,"Primary persona: CMO/business leader (executive/founder/PM role match: '\bfounder\b'), company size in ICP range (11-50)",2,2,"Monitor - light engagement, add to watchlist"
Vitaly Friedman,https://linkedin.com/in/vitalyfriedman,"Practical insights for better UX • Running “Measure UX” and “Smart Interface Design Patterns” • Founder of SmashingMag • Speaker • Loves writing, checklists and running workshops on UX. 🍣",Smashing Media AG,"Primary persona: CMO/business leader (executive/founder/PM role match: '\bfounder\b'), geography in ICP range (EU)",2,2,"Monitor - light engagement, add to watchlist"
Ives van Hoorne,,Co-Founder Biscuit,,Primary persona: CMO/business leader (executive/founder/PM role match: '\bfounder\b'),2,2,"Monitor - light engagement, add to watchlist"
Wences Garcia,,"Founder at marketgoo, Online Visibility tools and Agents for SMBs / EO Member",,Primary persona: CMO/business leader (executive/founder/PM role match: '\bfounder\b'),2,2,"Monitor - light engagement, add to watchlist"
Gil Megidish,,CTO at Mobile Next,,Secondary persona: technical leader (role/title match: '\bcto\b'),2,2,"Monitor - light engagement, add to watchlist"
Mikita Himpel,,"Senior Frontend Engineer — frontend infrastructure, core app systems, performance & DX | TypeScript",,Primary persona: developer (engineering role/title match: 'frontend engineer'),2,2,"Monitor - light engagement, add to watchlist"
Claudio Perez Gamayo,,Principal Software Engineer at LifeSpeak,,Primary persona: developer (engineering role/title match: 'software engineer'),2,2,"Monitor - light engagement, add to watchlist"
Martin Gouldsbrough,,"Senior Product Leader | Customer Journey & Platform Transformation | Virgin Media O2 (current), ex-Barclays | Builder MVP @Storyblok",,Primary persona: builder (product/ops/marketing/GTM role match: 'builder'),2,2,"Monitor - light engagement, add to watchlist"
"Felix Frimpong, MBA",,Int’l academic transcripts from source | Founder,,Primary persona: CMO/business leader (executive/founder/PM role match: '\bfounder\b'),2,2,"Monitor - light engagement, add to watchlist"
Kwaku Osei Kwakye,,Software Engineer • Payment Data Conversion Analyst • PHP • Laravel • Python • Go • NodeJs,,Primary persona: developer (engineering role/title match: 'software engineer'),2,2,"Monitor - light engagement, add to watchlist"
Andrew Butt,,"CEO, Enable. The AI-Native Commercial Intelligence Company.",,Primary persona: CMO/business leader (executive/founder/PM role match: '\bceo\b'),2,2,"Monitor - light engagement, add to watchlist"
James Tamplin,https://linkedin.com/in/jamest,Nudging AI in the right direction,Kradle.ai,"Primary persona: CMO/business leader (executive/founder/PM role match: '\bfounder\b'), geography in ICP range (US)",2,2,"Monitor - light engagement, add to watchlist"
Lois Z.,https://linkedin.com/in/loiszhao,founder @ stealth,,Primary persona: CMO/business leader (executive/founder/PM role match: '\bfounder\b'),2,2,"Monitor - light engagement, add to watchlist"
Richard English,,"Software Engineering Manager | Engineering leadership, team scaling & technology transformation",,Primary persona: developer (engineering role/title match: 'software engineering'),2,2,"Monitor - light engagement, add to watchlist"
Charles Villard,https://linkedin.com/in/cdvillard,Senior Software Engineer | UI development | Developer tooling | Aspiring developer advocate | Michelin-star chef according to my kids.,Miami Marlins and loanDepot park,"Primary persona: developer (engineering role/title match: 'software engineer'), geography in ICP range (US)",2,2,"Monitor - light engagement, add to watchlist"
Louisa Lu,,Founder@CommunityOne.io: building AI tools for the best communities | ex Morgan Stanley,,Primary persona: CMO/business leader (executive/founder/PM role match: '\bfounder\b'),2,2,"Monitor - light engagement, add to watchlist"
Mathias Rando Juul,,Senior Frontend Developer at A2i Systems,,Primary persona: developer (engineering role/title match: 'developer'),2,2,"Monitor - light engagement, add to watchlist"
Aaron Autrand,,"Senior Copywriter & Creative Leader | Marketing Campaigns, SEO & PPC | Cross-Channel Content | Google Ads, Growth Marketing, Training Content",,Primary persona: builder (product/ops/marketing/GTM role match: 'growth marketing'),2,2,"Monitor - light engagement, add to watchlist"
Lisa Bardet,https://linkedin.com/in/lisabardet,Growth at Lago - usage-based billing,Lago,"Primary persona: CMO/business leader (executive/founder/PM role match: '\bhead of growth\b'), geography in ICP range (EU)",2,2,"Monitor - light engagement, add to watchlist"
Ashley Hitchcock,,"Head of Development | Frontend Expert | React, Astro, Gatsby & TypeScript Specialist | Builder of High-Performance, Accessible Web Solutions",,Primary persona: builder (product/ops/marketing/GTM role match: 'builder'),2,2,"Monitor - light engagement, add to watchlist"
Lori Berenberg,https://linkedin.com/in/loriberenberg,Investing pre-seed/seed in future of work @ Bloomberg Beta,Bloomberg Beta,"Primary persona: CMO/business leader (executive/founder/PM role match: '\bproduct manager\b'), geography in ICP range (US)",2,2,"Monitor - light engagement, add to watchlist"
Michelle Herman,https://linkedin.com/in/michelleherman,Marketing & Communications Leader. Storyteller. Brand Builder.,,Primary persona: builder (product/ops/marketing/GTM role match: 'builder'),2,2,"Monitor - light engagement, add to watchlist"
Jehad Alkhateeb,,Engineering Lead | .NET & React/Next.js | Sitecore & Headless CMS Expert | Personalization & Digital Experience Leader | AI Agents & Agentic Systems,,Primary persona: developer (engineering role/title match: 'engineering lead'),2,2,"Monitor - light engagement, add to watchlist"
Kyle Mathews,,Co-founder @electricsql,,Primary persona: CMO/business leader (executive/founder/PM role match: '\bfounder\b'),2,2,"Monitor - light engagement, add to watchlist"
Alberto Barrago,,IT Lover & Builder,,Primary persona: builder (product/ops/marketing/GTM role match: 'builder'),2,2,"Monitor - light engagement, add to watchlist"
Sebastian Piott,,PlayAI - Head of Engineering | Driving Innovation in Scalable Web Solutions | Championing AI & Technical Excellence,,Secondary persona: technical leader (role/title match: '\bhead of engineering\b'),2,2,"Monitor - light engagement, add to watchlist"
Duncan Schouten,https://linkedin.com/in/duncanschouten,"AI @ Pantheon | Director of Product | 3X’ed ARR | Founder, Pairwise | President, ProductBC | AI Agents | Platform & Developer Experience | Multi-Agent Systems | B2B SaaS | Ecosystem Strategy",,Primary persona: developer (engineering role/title match: 'developer'),2,2,"Monitor - light engagement, add to watchlist"
Paul Copplestone,,CEO @ supabase.com. Go to supabase.com/careers for employment/recruiting.,,Primary persona: CMO/business leader (executive/founder/PM role match: '\bceo\b'),2,2,"Monitor - light engagement, add to watchlist"
Seth Bindernagel,,Chief Marketing Officer at Moss,,Primary persona: CMO/business leader (executive/founder/PM role match: '\bchief marketing officer\b'),2,2,"Monitor - light engagement, add to watchlist"
"Chelsey Jordan, MBA",,Customer Success Manager | Driving Revenue Growth Through Retention & Expansion | Strategic Problem Solver,,Primary persona: builder (product/ops/marketing/GTM role match: 'customer success'),2,2,"Monitor - light engagement, add to watchlist"
Ga Satrya,,"WordPress Developer Focused on Performance, UX, and Conversion",,Primary persona: developer (engineering role/title match: 'developer'),2,2,"Monitor - light engagement, add to watchlist"
Fredrik Sundström,,"Versatile developer, jack of all trades, creative hack",,Primary persona: developer (engineering role/title match: 'developer'),2,2,"Monitor - light engagement, add to watchlist"
Jeremy Bray,,"Developer, Problem Solver & Integrator",,Primary persona: developer (engineering role/title match: 'developer'),2,2,"Monitor - light engagement, add to watchlist"
Pete Richardson,,Senior Frontend Engineer at Voxpopme,,Primary persona: developer (engineering role/title match: 'frontend engineer'),2,2,"Monitor - light engagement, add to watchlist"
Japheth Obala,,"Co-founder, Quill Dev Tools",,Primary persona: CMO/business leader (executive/founder/PM role match: '\bfounder\b'),2,2,"Monitor - light engagement, add to watchlist"
Till Pieper,,"AI at Datadog, Google, SAP. Co-founder of CoScreen (acq. by Datadog)",,Primary persona: CMO/business leader (executive/founder/PM role match: '\bfounder\b'),2,2,"Monitor - light engagement, add to watchlist"
Lee Martin,,Creative Developer,,Primary persona: developer (engineering role/title match: 'developer'),2,2,"Monitor - light engagement, add to watchlist"
Nikita Zhitkevich,https://linkedin.com/in/nikita-zhitkevich,VP Sales @ PartnerStack | Partnership Building and Ecosystem Development,Partnership Leaders,"Primary persona: CMO/business leader (executive/founder/PM role match: '\bvp sales\b'), company size in ICP range (11-50), funding stage in ICP range (series b)",2,2,"Monitor - light engagement, add to watchlist"
Vadym Chernyshen,https://linkedin.com/in/vadym-chernyshen,Senior Full-Stack Developer | 5+ years of experience | React · TypeScript · Node.js · React Native | Fintech & SaaS | Open to Remote EU/US,,Primary persona: developer (engineering role/title match: 'developer'),2,2,"Monitor - light engagement, add to watchlist"
Moiz H.,,"Systems engineer with a founder’s scar tissue. EIR @ Ctlyst. Previously @ Grandeur (Alchemist, Hustle Fund)",,Primary persona: CMO/business leader (executive/founder/PM role match: '\bfounder\b'),2,2,"Monitor - light engagement, add to watchlist"
Cory O'Daniel,,CEO & Co-Founder @ Massdriver | Platform Engineering Podcast,,Primary persona: CMO/business leader (executive/founder/PM role match: '\bfounder\b'),2,2,"Monitor - light engagement, add to watchlist"
Craig Dennis,https://linkedin.com/in/craigsdennis,"Developer Educator, AI @ Cloudflare | Prev: Twilio, Treehouse",Cloudflare,"Primary persona: developer (engineering role/title match: 'developer'), geography in ICP range (US)",2,2,"Monitor - light engagement, add to watchlist"
Jonathan Ross,https://linkedin.com/in/jonathanmross,Chief Revenue Officer at Vantage,Vantage,"Primary persona: CMO/business leader (executive/founder/PM role match: '\bcro\b'), geography in ICP range (US)",2,2,"Monitor - light engagement, add to watchlist"
Julian Jorgensen,https://linkedin.com/in/julianjorgensen,Founder & CEO Self® · Physical AI Recovery Robotics,,Primary persona: CMO/business leader (executive/founder/PM role match: '\bfounder\b'),2,2,"Monitor - light engagement, add to watchlist"
Pratham Kumar,,"I talk about web, AI, API, and social • DevRel APILayer",,Primary persona: developer (engineering role/title match: 'devrel'),2,2,"Monitor - light engagement, add to watchlist"
Felipe Restrepo,https://linkedin.com/in/felipelebrun,I help you understand your client in the blink of an eye | CEO-CTO & Co-Founder at Odaptos | Techstars 2024,Odaptos,"Secondary persona: technical leader (role/title match: '\bcto\b'), geography in ICP range (US)",2,1,"Monitor - light engagement, add to watchlist"
Ravi Madabhushi,,Co-founder - Scalekit | ex-Freshworks,,Primary persona: CMO/business leader (executive/founder/PM role match: '\bfounder\b'),2,2,"Monitor - light engagement, add to watchlist"
Debbie O'Brien,,"Helping you all learn and build with AI, Agents, MCPs and more: Developer Relations Engineer, Applied AI",,Primary persona: developer (engineering role/title match: 'developer'),2,2,"Monitor - light engagement, add to watchlist"
Rafael González Vázquez,https://linkedin.com/in/rafagonvaz,CEO & Full-Stack e-commerce Developer @ Acromático Development (Shopify Select Partner) | Indie Hacker @ CFDI Express,CFDI Express,Primary persona: developer (engineering role/title match: 'developer'),2,2,"Monitor - light engagement, add to watchlist"
Nikki Thomas,,"VP Product & Technology, Efekta at EF",,Primary persona: CMO/business leader (executive/founder/PM role match: '\bvp product\b'),2,2,"Monitor - light engagement, add to watchlist"
J Chris Anderson,,"CEO, Vibes DIY. Creator of Fireproof, cofounder Couchbase.",,Primary persona: CMO/business leader (executive/founder/PM role match: '\bcofounder\b'),2,2,"Monitor - light engagement, add to watchlist"
Marvin Soto,https://linkedin.com/in/marvinsoto-authops,Content Architect for Deep-Tech & C-Suite | Building Authority Infrastructure through Narrative Systems | Founder at AuthOps,,Primary persona: CMO/business leader (executive/founder/PM role match: '\bfounder\b'),2,2,"Monitor - light engagement, add to watchlist"
Christian Almenar,,Co-founder & CEO at Monad,,Primary persona: CMO/business leader (executive/founder/PM role match: '\bfounder\b'),2,2,"Monitor - light engagement, add to watchlist"
Benish Khan,,"Senior Solutions Engineer @ LaunchDarkly | Driving enterprise feature management & DevOps adoption | ex-Netlify, CircleCI, Zenefits | Founder @ Box It Out – coaching resilience & mindset mastery",,Primary persona: builder (product/ops/marketing/GTM role match: 'solutions engineer'),2,2,"Monitor - light engagement, add to watchlist"
Matija Grcic,https://linkedin.com/in/matijagrcic,Frontend Architect | AI Architect,8 West Consulting,"Primary persona: developer (engineering role/title match: 'software developer'), geography in ICP range (US)",2,2,"Monitor - light engagement, add to watchlist"
Manish Choudhary,https://linkedin.com/in/manishchoudhary-flexprice,Co-founder & CEO @Flexprice | Hiring across Tech & Growth | Ex: Aftershoot AI,Flexprice,"Primary persona: CMO/business leader (executive/founder/PM role match: '\bfounder\b'), geography in ICP range (US)",2,2,"Monitor - light engagement, add to watchlist"
Mike Neumegen,,Cofounder and CEO at CloudCannon,,Primary persona: CMO/business leader (executive/founder/PM role match: '\bcofounder\b'),2,2,"Monitor - light engagement, add to watchlist"
Jason Dyer - CMO,,The Engineer’s Marketer. I am a fractional CMO who helps visionary CEOs overcome marketing frustrations and unleash growth potential. SpringloadedStrategies.com,,Primary persona: CMO/business leader (executive/founder/PM role match: '\bcmo\b'),2,2,"Monitor - light engagement, add to watchlist"
Sebastian Rindom,,CEO & Co-founder @ Medusa,,Primary persona: CMO/business leader (executive/founder/PM role match: '\bfounder\b'),2,2,"Monitor - light engagement, add to watchlist"
Kunaal S.,https://linkedin.com/in/kunaals,Co-founder at SubImage (YC W25),SubImage,"Primary persona: CMO/business leader (executive/founder/PM role match: '\bfounder\b'), geography in ICP range (US)",2,2,"Monitor - light engagement, add to watchlist"
Rajesh Pentakota,https://linkedin.com/in/rajeshpeko,"Building CodePup AI | Ex-Zynga, Flipkart, Walmart",CodePup AI,Primary persona: CMO/business leader (executive/founder/PM role match: '\bfounder\b'),2,1,"Monitor - light engagement, add to watchlist"
Mickey Haslavsky,https://linkedin.com/in/mickey-haslavsky-8320a942,Building The Operating System for Autonomous SMBs,enso,"Primary persona: CMO/business leader (executive/founder/PM role match: '\bfounder\b'), company size in ICP range (11-50)",2,1,"Monitor - light engagement, add to watchlist"
Md. Jaynal Abedin,https://linkedin.com/in/jshunno,"Head of Design • Google Certified UI UX Expert • Website, Mobile App, Web App and SaaS • Top-rated Plus on Upwork",Niyot Digital Agency,Primary persona: CMO/business leader (executive/founder/PM role match: '\bfounder\b'),2,1,"Monitor - light engagement, add to watchlist"
Chris De Vylder,,Chief Revenue Officer (CRO) at Sentry (sentry.io),,Primary persona: CMO/business leader (executive/founder/PM role match: '\bcro\b'),2,2,"Monitor - light engagement, add to watchlist"
Bhanu R.,https://linkedin.com/in/bhanu-reddy-chada,GenAI @Caterpillar,topmate.io,"Primary persona: developer (engineering role/title match: 'software engineer'), company size in ICP range (11-50), funding stage in ICP range (seed), geography in ICP range (US)",2,2,"Monitor - light engagement, add to watchlist"
Sagi Keen,https://linkedin.com/in/sagikeen,"Co-Founder & CEO at SpeedSize® - delivers premium visual experiences for brands, with patented psychovisual image and video optimization and a hyper-performance AI CDN, shaping the future of the internet.",ANIMATAD,Primary persona: CMO/business leader (executive/founder/PM role match: '\bfounder\b'),2,2,"Monitor - light engagement, add to watchlist"
Mitch Wainer,https://linkedin.com/in/mitchwainer,"Creative marketing leader, investor, and entrepreneur.",Source,"Primary persona: CMO/business leader (executive/founder/PM role match: '\bfounder\b'), geography in ICP range (US)",2,2,"Monitor - light engagement, add to watchlist"
Tony Spiro,,CEO @ Cosmic,,Primary persona: CMO/business leader (executive/founder/PM role match: '\bceo\b'),2,2,"Monitor - light engagement, add to watchlist"
Adam Slawson,,I build leaders who stay steady under pressure | Executive Coach & Keynote Speaker,,Primary persona: CMO/business leader (executive/founder/PM role match: '\bexecutive coach\b'),2,2,"Monitor - light engagement, add to watchlist"
Prabhav Khandelwal,,Founder & Designer @ Studio Canine,,Primary persona: CMO/business leader (executive/founder/PM role match: '\bfounder\b'),2,2,"Monitor - light engagement, add to watchlist"
Thomas Quinn,,Digital Transformation - AI Implementation - Business Builder - C-Suite Executive,,Primary persona: builder (product/ops/marketing/GTM role match: 'builder'),2,2,"Monitor - light engagement, add to watchlist"
Priyanka Sharma,,"Product & GTM Leader | Angel Investor & Advisor | Former Executive Director, CNCF",,Primary persona: CMO/business leader (executive/founder/PM role match: '\binvestor\b'),2,2,"Monitor - light engagement, add to watchlist"
Steven Francia,,"CPO, CTO, DevRel Exec | Scaled Go to 4.5M+ Devs | Former Google, Two Sigma, MongoDB, Docker | Creator of Hugo & Cobra",,Primary persona: developer (engineering role/title match: 'devrel'),2,2,"Monitor - light engagement, add to watchlist"
Jacek (Jack) Siadkowski,,CEO @ Tech To The Rescue | building AI infrastructure for Nonprofits globally,,Primary persona: CMO/business leader (executive/founder/PM role match: '\bceo\b'),2,2,"Monitor - light engagement, add to watchlist"
Andre Bento,https://linkedin.com/in/andrefbento,Partnerships @ Contra,Contra,"Primary persona: CMO/business leader (executive/founder/PM role match: '\bbusiness development\b'), company size in ICP range (11-50)",2,2,"Monitor - light engagement, add to watchlist"
Pelin Kenez,,"Product designer, Co-Founder & CEO at Zeplin (YC S15)",,Primary persona: CMO/business leader (executive/founder/PM role match: '\bfounder\b'),2,2,"Monitor - light engagement, add to watchlist"
Cristopher Theodoropoulos Pavlov,,CEO Toliv,,Primary persona: CMO/business leader (executive/founder/PM role match: '\bceo\b'),2,2,"Monitor - light engagement, add to watchlist"
Jason Rose,,Senior Web Developer at Riot Games,,Primary persona: developer (engineering role/title match: 'developer'),2,2,"Monitor - light engagement, add to watchlist"
Ritesh Kewlani,,Product Marketing Strategist | Sales Enablement Expert | Compelling Storyteller | Competitive Intelligence Specialist | Project Management Guru,,Primary persona: builder (product/ops/marketing/GTM role match: 'product marketing'),2,2,"Monitor - light engagement, add to watchlist"
Mrunal Kalaskar,https://linkedin.com/in/mrunal-kalaskar,PRESIDENT OF ........{ IT TESLA & TESLA }... Best way to predict the future is to invent it !... | MERN | WEB Development | Front-End | Back-End | ELYSIUM Designer | R.&A.W | Data Analysis | Machine Learning | FRS |,,Primary persona: CMO/business leader (executive/founder/PM role match: '\bpresident\b'),2,2,"Monitor - light engagement, add to watchlist"
David Shaw,,Chief Revenue Officer,,Primary persona: CMO/business leader (executive/founder/PM role match: '\bchief revenue officer\b'),2,2,"Monitor - light engagement, add to watchlist"
Felix Schuster,,CEO at Edgeless Systems | Confidential AI | Confidential Computing,,Primary persona: CMO/business leader (executive/founder/PM role match: '\bceo\b'),2,2,"Monitor - light engagement, add to watchlist"
Timo Mayer,,Vorstand | Executive Board Member at Virtual Identity AG,,Primary persona: CMO/business leader (executive/founder/PM role match: '\bboard member\b'),2,2,"Monitor - light engagement, add to watchlist"
Jordan Cooper,,Head of Engineering & Technology,,Secondary persona: technical leader (role/title match: '\bhead of engineering\b'),2,2,"Monitor - light engagement, add to watchlist"
Miriam Schwab,,"Head of WordPress at Elementor | Co-Founder, Strattic (Acquired) | Open Source ecosystems, platform strategy, and business at scale",,Primary persona: CMO/business leader (executive/founder/PM role match: '\bfounder\b'),2,2,"Monitor - light engagement, add to watchlist"
Dylan Baker,,"Co-Founder @ lilAgents ✨ GTM Engineering, AI Search, SEO, B2B E-Commerce | Shopify | TikTok Shop | Helping Small Businesses Do More With Less",,Primary persona: CMO/business leader (executive/founder/PM role match: '\bfounder\b'),2,2,"Monitor - light engagement, add to watchlist"
Chris LaRocque,https://linkedin.com/in/larocquechristopher,Web/video/audio geek here to solve problems + build cool stuff,Sanity,"Primary persona: developer (engineering role/title match: 'engineering manager'), geography in ICP range (US)",2,2,"Monitor - light engagement, add to watchlist"
Nitin Kanchi,https://linkedin.com/in/nitin-kanchi-6ab8051ab,"Data Science, Platform Engineering",BLK Innovate,"Primary persona: CMO/business leader (executive/founder/PM role match: '\bfounder\b'), geography in ICP range (US)",2,1,"Monitor - light engagement, add to watchlist"
Dimitris Grammatikogiannis,,Front end - full stack Developer,,Primary persona: developer (engineering role/title match: 'developer'),2,2,"Monitor - light engagement, add to watchlist"
Daniel Selans,,"YC Alumni, founder, hardcore backend and systems eng",,Primary persona: CMO/business leader (executive/founder/PM role match: '\bfounder\b'),2,2,"Monitor - light engagement, add to watchlist"
Joe Previte,,Senior Full Stack Engineer at Mercury,,Primary persona: developer (engineering role/title match: 'full stack engineer'),2,2,"Monitor - light engagement, add to watchlist"
Jamund Ferguson,,Frontend Tech Lead at StabilityAI,,Secondary persona: technical leader (role/title match: '\btech lead\b'),2,2,"Monitor - light engagement, add to watchlist"
Kieran Donnelly,https://linkedin.com/in/kbdonnelly,Your AI transformation partner,Why Content,"Primary persona: CMO/business leader (executive/founder/PM role match: '\bfounder\b'), geography in ICP range (EU)",2,2,"Monitor - light engagement, add to watchlist"
Esteban Lussich,,Software Developer & UX Designer,,Primary persona: developer (engineering role/title match: 'software developer'),2,2,"Monitor - light engagement, add to watchlist"
Simon Wistow,,Co-Founder at Fastly. VP Strategic Initiatives,,Primary persona: CMO/business leader (executive/founder/PM role match: '\bfounder\b'),2,2,"Monitor - light engagement, add to watchlist"
Wesley Faulkner,https://linkedin.com/in/wesley83,Community Builder | Podcaster | Public Speaker | DevRel Professional,,Primary persona: developer (engineering role/title match: 'devrel'),2,2,"Monitor - light engagement, add to watchlist"
Neil Altawil,,Founder & CEO @ Altiprime | Diagnosing & Repairing SaaS Operational & System Bottlenecks,,Primary persona: CMO/business leader (executive/founder/PM role match: '\bfounder\b'),2,2,"Monitor - light engagement, add to watchlist"
adnan umar,https://linkedin.com/in/adnanumar20,I Help Logistics Companies Cut Costs & Scale Operations Using Cloud & AI | Fractional CTO | Technology Transformation Partner,Dream Spirit Travels,Secondary persona: technical leader (role/title match: '\bcto\b'),2,1,"Monitor - light engagement, add to watchlist"
"VINCE FULCO, CFA",https://linkedin.com/in/vfulco,Founder | Helping B2B companies find hidden profit (marginlevers.com) and make better hires (candidateaudit.com) Ex-Wall Street Ex-Hedge Funds Ex-China Biz Builder,Bighire.io LLC Hiring Support as a Service,Primary persona: builder (product/ops/marketing/GTM role match: 'builder'),2,2,"Monitor - light engagement, add to watchlist"
Yonas Beshawred,,Co-Founder & CEO @ StarSling 💫,,Primary persona: CMO/business leader (executive/founder/PM role match: '\bfounder\b'),2,2,"Monitor - light engagement, add to watchlist"
Rebecca Mosner,https://linkedin.com/in/rebecca-mosner,"Managing Partner @ MAXIMIZE, ex-MongoDB, ex-DigitalOcean marketing leader, investor, advisor",MAXIMIZE,"Primary persona: CMO/business leader (executive/founder/PM role match: '\bmanaging partner\b'), geography in ICP range (US)",2,2,"Monitor - light engagement, add to watchlist"
Stephanie Brown,,"Pragmatic, smart, strategic thinker with 10+ years of experience in Partnerships, Sales, Management, Business Development.",,Primary persona: CMO/business leader (executive/founder/PM role match: '\bbusiness development\b'),2,2,"Monitor - light engagement, add to watchlist"
Donna Weber,https://linkedin.com/in/donnaweb,I help high-growth companies turn customer promises into profitable growth | Keynote Speaker | Tea Snob,Springboard Solutions,"Secondary persona: technical leader (role/title match: '\bthought leader\b'), geography in ICP range (US)",2,1,"Monitor - light engagement, add to watchlist"
Matteo Collina,,"Platformatic Co-Founder & CTO, Node.js Technical Steering Committee member, Fastify Lead Maintainer, Conference Speaker",,Secondary persona: technical leader (role/title match: '\bcto\b'),2,2,"Monitor - light engagement, add to watchlist"
Michael Bemler,,Engineering What AI Depends On. Founder @MiMi Tech AI | Europe’s Sovereign Infrastructure | NVIDIA Connect Member,,Primary persona: CMO/business leader (executive/founder/PM role match: '\bfounder\b'),2,2,"Monitor - light engagement, add to watchlist"
Danielle Leong,,CTO and Advisor | ex GitHub Twilio,,Secondary persona: technical leader (role/title match: '\bcto\b'),2,2,"Monitor - light engagement, add to watchlist"
James Bruner,,Sr Frontend Engineer,,Primary persona: developer (engineering role/title match: 'frontend engineer'),2,2,"Monitor - light engagement, add to watchlist"
Stephen Blum,https://linkedin.com/in/stephenlb,CTO @ PubNub | $134M raised | Series E | +1 Billion devices | 68 Patent claims granted | 25 Years in tech,PubNub,"Secondary persona: technical leader (role/title match: '\bcto\b'), geography in ICP range (US)",2,2,"Monitor - light engagement, add to watchlist"
Gabi Steele,,"CEO & Co-Founder @ Preql AI | Clean, governed data for the office of the CFO | 2026 Gartner Cool Vendor",,Primary persona: CMO/business leader (executive/founder/PM role match: '\bcfo\b'),2,2,"Monitor - light engagement, add to watchlist"
Alex Sweetser,,Strategic Customer Success | Retention & Growth,,Primary persona: builder (product/ops/marketing/GTM role match: 'customer success'),2,2,"Monitor - light engagement, add to watchlist"
Jerrod Engelberg,,COO @ Charlie (charlielabs.ai) | ex-CEO @ Codecov (acq. by Sentry) | Forbes 30u30 (last decade),,Primary persona: CMO/business leader (executive/founder/PM role match: '\bceo\b'),2,2,"Monitor - light engagement, add to watchlist"
Rasmus Hald,,Senior Security Engineer at Tyro Payments,,Primary persona: developer (engineering role/title match: 'security engineer'),2,2,"Monitor - light engagement, add to watchlist"
Michiel Grotenhuis,https://linkedin.com/in/michielgrotenhuis,"BrandForge.com 🔥 | Brands Built by Intelligence, Revenue Built by You  🚀",Brandforge.com,"Primary persona: CMO/business leader (executive/founder/PM role match: '\bchief executive\b'), geography in ICP range (EU)",2,2,"Monitor - light engagement, add to watchlist"
Salvador Gironès Gil,,"Software Engineer - Cloud, Databases, AI",,Primary persona: developer (engineering role/title match: 'software engineer'),2,2,"Monitor - light engagement, add to watchlist"
Polina Kalashnikova,https://linkedin.com/in/polina-kalashnikova,"Founder @ Polium | Full-stack growth marketing partner for crypto, fintech and igaming brands",Modjo,"Primary persona: builder (product/ops/marketing/GTM role match: 'growth marketing'), company size in ICP range (11-50), geography in ICP range (EU)",2,1,"Monitor - light engagement, add to watchlist"
Maurits Lancee,https://linkedin.com/in/maurits-lancee-b300452b,Head of AI @Kramp | Founder Night Rain: ‘Building assortment intelligence for webshops’,,Secondary persona: technical leader (role/title match: '\bhead of ai\b'),2,1,"Monitor - light engagement, add to watchlist"
Nanna Sverrild,,"Managing Partner @AM Copenhagen - branding, design & communication. Strategic and curious leader of people and processes where culture, strategy, creativity, and branding meet.",,Primary persona: CMO/business leader (executive/founder/PM role match: '\bmanaging partner\b'),2,2,"Monitor - light engagement, add to watchlist"
Nic Dray,https://linkedin.com/in/nicdray,Partner at Play,Play SF,"Primary persona: CMO/business leader (executive/founder/PM role match: '\bmanaging director\b'), geography in ICP range (US)",2,2,"Monitor - light engagement, add to watchlist"
Devin Stein,https://linkedin.com/in/devstein,Building Dosu - We’re Hiring!,Dosu,"Primary persona: CMO/business leader (executive/founder/PM role match: '\bfounder\b'), geography in ICP range (US)",2,2,"Monitor - light engagement, add to watchlist"
Samrat Karak,,Principal Product Manager at AWS,,Primary persona: CMO/business leader (executive/founder/PM role match: '\bproduct manager\b'),2,2,"Monitor - light engagement, add to watchlist"
Ingrid Epure,,Principal Engineer,,Primary persona: developer (engineering role/title match: 'principal engineer'),2,2,"Monitor - light engagement, add to watchlist"
Hannah Wright,,Senior Marketing & Operations Leader | Ex-Founder | B2B SaaS & AI,,Primary persona: CMO/business leader (executive/founder/PM role match: '\bfounder\b'),2,2,"Monitor - light engagement, add to watchlist"
Scott Williams,https://linkedin.com/in/scottandrewwilliams,Innovation | Development | AI -- for Ecommerce + Marketing,Human,"Primary persona: CMO/business leader (executive/founder/PM role match: '\bfounder\b'), geography in ICP range (US)",2,2,"Monitor - light engagement, add to watchlist"
K.A Niclas Mollin,,"Co-founder and CEO Occtoo 🚀 the Product Orchestration Engine 🚀, ex-inRiver",,Primary persona: CMO/business leader (executive/founder/PM role match: '\bfounder\b'),2,2,"Monitor - light engagement, add to watchlist"
Eric Lagier,https://linkedin.com/in/elagier,Founder & Managing Partner at byFounders,,Primary persona: CMO/business leader (executive/founder/PM role match: '\bfounder\b'),2,2,"Monitor - light engagement, add to watchlist"
Nora Jones,,VP of Product Development at PagerDuty | Founder and CEO of Jeli.io (acquired by PagerDuty),,Primary persona: CMO/business leader (executive/founder/PM role match: '\bfounder\b'),2,2,"Monitor - light engagement, add to watchlist"
Niels Kvaavik,https://linkedin.com/in/nkvaavik,Revenue Leader focusing on Driving Global Talent Mobility,Alma,"Primary persona: CMO/business leader (executive/founder/PM role match: '\bhead of sales\b'), company size in ICP range (11-50), geography in ICP range (US)",2,2,"Monitor - light engagement, add to watchlist"
Jacob Lizarraga,https://linkedin.com/in/jacob-lizarraga,Growth @ Virio,,"Primary persona: CMO/business leader (executive/founder/PM role match: '\bproduct manager\b'), geography in ICP range (US)",2,2,"Monitor - light engagement, add to watchlist"
Julian Jorgensen,,Founder & CEO Self® · Physical AI Recovery Robotics,,Primary persona: CMO/business leader (executive/founder/PM role match: '\bfounder\b'),2,2,"Monitor - light engagement, add to watchlist"
Peri C.,https://linkedin.com/in/peri-carney,Software Engineer | Full-Stack Development & AI Engineering,Zargo,"Primary persona: developer (engineering role/title match: 'software engineer'), geography in ICP range (US)",2,1,"Monitor - light engagement, add to watchlist"
Bedabrata Bagchi,,Developer/AI Marketing & Demandgen | Management Consultant | DigitalOcean | BookMyShow | CRISIL | Visiting faculty @NMIMS,,Primary persona: developer (engineering role/title match: 'developer'),2,2,"Monitor - light engagement, add to watchlist"
"Leonardo Pontes dos Reis, CFA",,"CFO | Cash, Capital Structure & Decision Systems | Board & CEO Advisor",,Primary persona: CMO/business leader (executive/founder/PM role match: '\bcfo\b'),1,1,"Monitor - light engagement, add to watchlist"
Jessica Sedeno,,"Systems & Marketing Design | Product Marketing & Brand | SaaS, AI & Health Tech",,Primary persona: builder (product/ops/marketing/GTM role match: 'product marketing'),1,1,"Monitor - light engagement, add to watchlist"
Joe Tuan,https://linkedin.com/in/joectuan,Founder of Specode + Topflight. Passion: improving healthcare outcomes with patient-centered UX and AI.,Specode,"Primary persona: CMO/business leader (executive/founder/PM role match: '\bfounder\b'), geography in ICP range (US)",1,1,"Monitor - light engagement, add to watchlist"
Filip Sauer,,Senior Frontend Engineer at Chili Piper 🌶️,,Primary persona: developer (engineering role/title match: 'frontend engineer'),1,1,"Monitor - light engagement, add to watchlist"
Ian Cairns,https://linkedin.com/in/iancairns,Co-Founder at Freeplay - agent ops & evals for product builders,Freeplay,"Primary persona: CMO/business leader (executive/founder/PM role match: '\bfounder\b'), company size in ICP range (11-50), geography in ICP range (US)",1,1,"Monitor - light engagement, add to watchlist"
Elliott Ng,,"Ex-Google Product Management Director | Ecosystem & Platforms | 3x Founder (1 IPO, 2 Acq)",,Primary persona: CMO/business leader (executive/founder/PM role match: '\bproduct management\b'),1,1,"Monitor - light engagement, add to watchlist"
Stefan Olaru,https://linkedin.com/in/stefanolaru,CTO & Architect | Building systems that work without me,,Secondary persona: technical leader (role/title match: '\bcto\b'),1,1,"Monitor - light engagement, add to watchlist"
Adam DuVander,,"Know why developers choose and love your products | Author, Developer Marketing Does Not Exist | Founder, EveryDeveloper | Speak the Developer Language",,Primary persona: developer (engineering role/title match: 'developer'),1,1,"Monitor - light engagement, add to watchlist"
Krishna Agrawal,,AI Enthusiast 👨‍💻 and Consultant | AI and Tech Content Creator | Influencer Marketing | DM for Collab and Freelance Work| Full Stack Developer | Product Hunt 💡| Building AI Agents,,Primary persona: developer (engineering role/title match: 'developer'),1,1,"Monitor - light engagement, add to watchlist"
Ulla Hald,,Founder & CEO at FAVES,,Primary persona: CMO/business leader (executive/founder/PM role match: '\bfounder\b'),1,1,"Monitor - light engagement, add to watchlist"
Ithamar S.,https://linkedin.com/in/ithamarsorek,"Bringing Tech Concepts into reality via Biz Dev, Sales & Partnerships | Merrill, Google, and Salesforce Alumni",Jedify,"Primary persona: CMO/business leader (executive/founder/PM role match: '\bbiz dev\b'), company size in ICP range (11-50)",1,1,"Monitor - light engagement, add to watchlist"
Omar Parvez Khan,,"The go-to guy for business owners that hate numbers. Founder @ Metric, building the Chief Financial AI for Enterprises and SMBs. Fractional CFO. Transactions: $4.2B VC Deals: $10M Audited Balance Sheets: $500B xPwC",,Primary persona: CMO/business leader (executive/founder/PM role match: '\bcfo\b'),1,1,"Monitor - light engagement, add to watchlist"
Kasper Tidemann,,Founder & CEO,,Primary persona: CMO/business leader (executive/founder/PM role match: '\bfounder\b'),1,1,"Monitor - light engagement, add to watchlist"
Bek Shoyatbek 🇵🇸,,SWE @Vention | Co-founder @freepiker | Expert Generalist,,Primary persona: CMO/business leader (executive/founder/PM role match: '\bfounder\b'),1,1,"Monitor - light engagement, add to watchlist"
Jerome Hardaway,https://linkedin.com/in/jeromehardaway,"Founder, Vets Who Code | Cleared Software Engineer | Building AI systems that close the opportunity gap for veterans",,Primary persona: developer (engineering role/title match: 'software engineer'),1,1,"Monitor - light engagement, add to watchlist"
Mike S.,,"Enterprise Product Leader | AI, Data & Cloud | Builder and Operator",,Primary persona: builder (product/ops/marketing/GTM role match: 'builder'),1,1,"Monitor - light engagement, add to watchlist"
Brian Douglas,,Co-Founder | CEO at the Paper Compute Company,,Primary persona: CMO/business leader (executive/founder/PM role match: '\bfounder\b'),1,1,"Monitor - light engagement, add to watchlist"
Nick Truslow,,"Senior Manager, Chain Product Marketing & Token Strategy @ Polygon Labs | Driving Narrative & Ecosystem Growth | 40K+ on X (@Smokey_)",,Primary persona: builder (product/ops/marketing/GTM role match: 'product marketing'),1,1,"Monitor - light engagement, add to watchlist"
Kiran Gawde,,Director of Technology | Manage risk and maintain business continuity while modernizing commerce ecosystem,,Secondary persona: technical leader (role/title match: '\bdirector of technology\b'),1,1,"Monitor - light engagement, add to watchlist"
Thomas Roux,,"AI Productivity Lead @ Sanofi | AI-Assisted Engineering, DORA Metrics & Developer Productivity",,Primary persona: developer (engineering role/title match: 'developer'),1,1,"Monitor - light engagement, add to watchlist"
Roxy Rodriguez-Becker,,Developer Community Manager | Software Engineer | DevRel,,Primary persona: developer (engineering role/title match: 'software engineer'),1,1,"Monitor - light engagement, add to watchlist"
Dan Cleary,,"Co-founder of Converge, the vibe coding platform built on Convex",,Primary persona: CMO/business leader (executive/founder/PM role match: '\bfounder\b'),1,1,"Monitor - light engagement, add to watchlist"
Ryan J.,,"Technical Program Manager | Product-minded builder | Payments, Video, Security | Ex Google, Twitch, Microsoft | San Francisco Bay Area",,Primary persona: builder (product/ops/marketing/GTM role match: 'builder'),1,1,"Monitor - light engagement, add to watchlist"
Ron Efroni,,CEO at Flox | President at NixOS Foundation | Bringing Nix to Work with flox!,,Primary persona: CMO/business leader (executive/founder/PM role match: '\bceo\b'),1,1,"Monitor - light engagement, add to watchlist"
Tripp Conrad,https://linkedin.com/in/tripp-conrad,Portfolio Talent at Goanna Capital | Building a community around what’s next in tech,Goanna Capital Management,"Primary persona: CMO/business leader (executive/founder/PM role match: '\bfounder\b'), geography in ICP range (US)",1,1,"Monitor - light engagement, add to watchlist"
Ruslan Merziianov,,Founder @ Offvisa LLC| Visa applications as a controlled system | Conversion → Acquisition Cost → Scale,,Primary persona: CMO/business leader (executive/founder/PM role match: '\bfounder\b'),1,1,"Monitor - light engagement, add to watchlist"
Fortune I.,,Software Engineer | Senior Technical Writer | UK Global Talent,,Primary persona: developer (engineering role/title match: 'software engineer'),1,1,"Monitor - light engagement, add to watchlist"
Audrey Rose St Denis,,"Founder, Owner & Lead Esthetician at Urth Skin Studio | Corrective Skincare & Corneotherapy | Advanced Chemical Peels",,Primary persona: CMO/business leader (executive/founder/PM role match: '\bfounder\b'),1,1,"Monitor - light engagement, add to watchlist"
Peter Walters,https://linkedin.com/in/pwwalters,"🏔️ enthusiast, snowboarder, mountain biker, & pretty funny (self described) | 2 company acquisitions",Amplitude,"Primary persona: CMO/business leader (executive/founder/PM role match: '\bbusiness development\b'), geography in ICP range (US)",1,1,"Monitor - light engagement, add to watchlist"
Taufik Alfarisi,https://linkedin.com/in/taufik-alfarisi-8560945a,Process Engineer @ FORMULATRIX | Product & Process Development,FORMULATRIX,Primary persona: CMO/business leader (executive/founder/PM role match: '\bhead of product\b'),1,1,"Monitor - light engagement, add to watchlist"
Jeff Pulver,https://linkedin.com/in/jpulver,VoIP Pioneer | Global Telecom Influencer | Futurist | AI | vCon |  SCITT  | Strategic Advisor | Author | Advocate for Technology Innovation & Policy Reform,Global FinTech Advisory Board,"Primary persona: CMO/business leader (executive/founder/PM role match: '\bfounder\b'), geography in ICP range (US)",1,1,"Monitor - light engagement, add to watchlist"
Zoran Pesic,,Staff Software Engineer at Doximity,,Primary persona: developer (engineering role/title match: 'software engineer'),1,1,"Monitor - light engagement, add to watchlist"
Rickard Hansson,https://linkedin.com/in/rickardh,"Technical Founder @ Gainable | internal apps built from your data, not prompts | writing the Still Building newsletter",,Primary persona: CMO/business leader (executive/founder/PM role match: '\bfounder\b'),1,1,"Monitor - light engagement, add to watchlist"
Srivishnu Ayyagari,https://linkedin.com/in/srivishnu-ayyagari,"Innovating AI Agents for testing | Director - Product | Ex- TestMu AI (Lambdatest), Tricog, Zaggle",Qyrus,Primary persona: CMO/business leader (executive/founder/PM role match: '\bproduct management\b'),1,1,"Monitor - light engagement, add to watchlist"
Miguel Martínez Nicolás,,Software Engineer | Team Lead,,Primary persona: developer (engineering role/title match: 'software engineer'),1,1,"Monitor - light engagement, add to watchlist"
Mark Cassidy,,Engineering Leader | Getting engineering teams from AI-curious to AI-native,,Secondary persona: technical leader (role/title match: '\bengineering leader\b'),1,1,"Monitor - light engagement, add to watchlist"
Joshua Clark,,Lead Software Engineer | Technical Architecture & Team Leadership,,Primary persona: developer (engineering role/title match: 'software engineer'),1,1,"Monitor - light engagement, add to watchlist"
Anshu Agarwal,,"General Partner at Converge, Ex CEO & Co-founder at Nimbella Board of Director, IIT Startups Board of Director, IIT Bay Area",,Primary persona: CMO/business leader (executive/founder/PM role match: '\bfounder\b'),1,1,"Monitor - light engagement, add to watchlist"
Rohit Singh,https://linkedin.com/in/rohit-singh-ba725325a,Software Engineer | Morgan Stanley,,Primary persona: developer (engineering role/title match: 'software engineer'),1,1,"Monitor - light engagement, add to watchlist"
Shan Huang,https://linkedin.com/in/shanhuangusa,CTO @ SupplyWhy | Multi-Agent Builder | Serial Unicorn Entrepreneur,,Secondary persona: technical leader (role/title match: '\bcto\b'),1,1,"Monitor - light engagement, add to watchlist"
Nastassia Danilava,,Lead Software engineer | Technical Product Manager | Women Techmakers Ambassador,,Primary persona: developer (engineering role/title match: 'software engineer'),1,1,"Monitor - light engagement, add to watchlist"
Mikkel Reincke Fuglsang,,CEO & Co-founder of baSeq,,Primary persona: CMO/business leader (executive/founder/PM role match: '\bfounder\b'),1,1,"Monitor - light engagement, add to watchlist"
Raúl Murciano,https://linkedin.com/in/raulmurciano,Software Engineer/Eng. Manager. Ruby on Rails + Claude Code + AI. Working remotely for 20+ years.,,Primary persona: developer (engineering role/title match: 'software engineer'),1,1,"Monitor - light engagement, add to watchlist"
Alexander Berger,https://linkedin.com/in/alexanderbergerlinkedin,COO @ Bolt.new,,Primary persona: CMO/business leader (executive/founder/PM role match: '\bcoo\b'),1,1,"Monitor - light engagement, add to watchlist"
Jose Miguel Pérez Ruiz,,Founder & Tech. Visionary en marketgoo,,Primary persona: CMO/business leader (executive/founder/PM role match: '\bfounder\b'),1,1,"Monitor - light engagement, add to watchlist"
Peter Hironaka,https://linkedin.com/in/peterhironaka,Freelance Web Developer & Web Producer,Freelance Web Development,"Primary persona: developer (engineering role/title match: 'developer'), geography in ICP range (US)",1,1,"Monitor - light engagement, add to watchlist"
Philip August Hyltoft,,Software Developer @ Saxo Bank,,Primary persona: developer (engineering role/title match: 'software developer'),1,1,"Monitor - light engagement, add to watchlist"
Kayleigh Wallace,,Customer Success Leader | Building High-Performing Teams & Scalable Programs | CX Strategy • Process Improvement • Retention,,Primary persona: builder (product/ops/marketing/GTM role match: 'customer success'),1,1,"Monitor - light engagement, add to watchlist"
Ritin Agarwal,https://linkedin.com/in/ritin-agarwal,Management Consulting | Consulting with AI | $100Mn of Cost Optimized | Serial Entrepreneur,,Primary persona: CMO/business leader (executive/founder/PM role match: '\bentrepreneur\b'),1,1,"Monitor - light engagement, add to watchlist"
Ian Koss,,Lead Software Engineer at SOSV,,Primary persona: developer (engineering role/title match: 'software engineer'),1,1,"Monitor - light engagement, add to watchlist"
Maham Codes,,DevRel Engineer & Educator | AI Content Developer | Video Creator | Featured Author | Speaker,,Primary persona: developer (engineering role/title match: 'developer'),1,1,"Monitor - light engagement, add to watchlist"
S K Prasad Iyer,,Founder at Korture. The behavioral hiring engine for the culture round you’ve been guessing at.,,Primary persona: CMO/business leader (executive/founder/PM role match: '\bfounder\b'),1,1,"Monitor - light engagement, add to watchlist"
Patricia Feitosa,,Community Manager MACH Alliance | Corporate Communications | Content Strategy | Storytelling | Customer Success | Project & Team Management,,Primary persona: builder (product/ops/marketing/GTM role match: 'customer success'),1,1,"Monitor - light engagement, add to watchlist"
Mariano Tomás Obludzyner,https://linkedin.com/in/obludzyner,Strategic Accounts | Commercial Post-Sales | Customer Success Leadership | Renewals | Expansion | Retention | AI-first execution | Protecting and Growing ARR | Global B2B Enterprise SaaS,,Primary persona: builder (product/ops/marketing/GTM role match: 'customer success'),1,1,"Monitor - light engagement, add to watchlist"
Vishal Adhlakha,,Founder @OhhMyDesign | Product Designer & Webflow Expert | Building websites for startups that convert,,Primary persona: CMO/business leader (executive/founder/PM role match: '\bfounder\b'),1,1,"Monitor - light engagement, add to watchlist"
Steven Fabre,https://linkedin.com/in/steven-fabre-5510bb38,CEO at Liveblocks | Realtime infrastructure for multiplayer apps and agents,,Primary persona: CMO/business leader (executive/founder/PM role match: '\bceo\b'),1,1,"Monitor - light engagement, add to watchlist"
Eric Nakagawa,,Co-founder @ Self.xyz - solving identity on the internet using zk,,Primary persona: CMO/business leader (executive/founder/PM role match: '\bfounder\b'),1,1,"Monitor - light engagement, add to watchlist"
Artsiom Dylevich,,Sitecore Solution Architect | Head of Engineering,,Secondary persona: technical leader (role/title match: '\bhead of engineering\b'),1,1,"Monitor - light engagement, add to watchlist"
Polina Prokofieva,,"Frontend developer (TypeScript, React)",,Primary persona: developer (engineering role/title match: 'developer'),1,1,"Monitor - light engagement, add to watchlist"
Eva Georgieva,,security engineer | pentesting & AI security research | making security feel effortless,,Primary persona: developer (engineering role/title match: 'security engineer'),1,1,"Monitor - light engagement, add to watchlist"
Matt Roberts,,Co-founder @ Happy Operators | Building community | 4.8 ⭐ Maven | ex humanities student & McDonald’s chicken fryer,,Primary persona: CMO/business leader (executive/founder/PM role match: '\bfounder\b'),1,1,"Monitor - light engagement, add to watchlist"
Fábio Cavenatti,,CFO & Finance Executive | FP&A · Tax | AI in Finance | Ex-IBM Americas,,Primary persona: CMO/business leader (executive/founder/PM role match: '\bcfo\b'),1,1,"Monitor - light engagement, add to watchlist"
Juri Strumpflohner,,"Sr. Director of Developer Experience for Nx, Google Developer Expert, Egghead.io Instructor",,Primary persona: developer (engineering role/title match: 'developer'),1,1,"Monitor - light engagement, add to watchlist"
Vinod Sankar,,"Principal Product Manager | CDPs, Data Products & MarTech | Identity, Segmentation, Activation & Measurement | Applied AI/ML",,Primary persona: CMO/business leader (executive/founder/PM role match: '\bproduct manager\b'),1,1,"Monitor - light engagement, add to watchlist"
Nolan Franklin,https://linkedin.com/in/nolfranklin,Senior Developer @ Salesforce | Growth Experimentation | AI-assisted experimentation and workflows,,Primary persona: developer (engineering role/title match: 'developer'),1,1,"Monitor - light engagement, add to watchlist"
Harry Marshall,,COO at Embeddable.com,,Primary persona: CMO/business leader (executive/founder/PM role match: '\bcoo\b'),1,1,"Monitor - light engagement, add to watchlist"
Alina Dumitrache,,Security Partner @ Adyen · Hackathon Ops @ Tech Makers · Builder · Robotics Enthusiast,,Primary persona: builder (product/ops/marketing/GTM role match: 'builder'),1,1,"Monitor - light engagement, add to watchlist"
Jackie Xu,,Founder of Xu Talent | Angel Investor | Prev. Head of Talent at Kleiner Perkins,,Primary persona: CMO/business leader (executive/founder/PM role match: '\bfounder\b'),1,1,"Monitor - light engagement, add to watchlist"
Breah Gregg,,IAM Leader | Identity Governance and Compliance | Identity Access Management IAM | Product management CSPO |#datafam4life,,Primary persona: CMO/business leader (executive/founder/PM role match: '\bproduct management\b'),1,1,"Monitor - light engagement, add to watchlist"
Reuben Ellis,,Principal Solutions Engineer at Chromatic!,,Primary persona: builder (product/ops/marketing/GTM role match: 'solutions engineer'),1,1,"Monitor - light engagement, add to watchlist"
Faareha Sajjad,,Content Growth Strategist | Hyperengage | NUST’ 26,,Primary persona: CMO/business leader (executive/founder/PM role match: '\bgrowth strategist\b'),1,1,"Monitor - light engagement, add to watchlist"
Jakob Benediktson,,"CEO & Co-founder at Lasso | Making live data useful for 500+ business clients, keeping them one step ahead of the market",,Primary persona: CMO/business leader (executive/founder/PM role match: '\bfounder\b'),1,1,"Monitor - light engagement, add to watchlist"
Thej Kiran,,Co-Founder @ ProcureX Technologies | Transforming Construction Management | Blockchain | AI,,Primary persona: CMO/business leader (executive/founder/PM role match: '\bfounder\b'),1,1,"Monitor - light engagement, add to watchlist"
Martin Y.,https://linkedin.com/in/mdyankov,Software Engineering Lead,Broadcom,"Primary persona: developer (engineering role/title match: 'software engineering'), geography in ICP range (EU)",1,1,"Monitor - light engagement, add to watchlist"
Dominique Simoneau-Ritchie,,CTO @ Inspiren,,Secondary persona: technical leader (role/title match: '\bcto\b'),1,1,"Monitor - light engagement, add to watchlist"
Surya S.,,Solutions Architect at Cohesity,,Primary persona: builder (product/ops/marketing/GTM role match: 'solutions architect'),1,1,"Monitor - light engagement, add to watchlist"
Mathieu RIDET,,Software Engineer @DataHouse,,Primary persona: developer (engineering role/title match: 'software engineer'),1,1,"Monitor - light engagement, add to watchlist"
Beth Torrie,,"Founder, Torrie Communications, a boutique Analyst Relations Firm Co-Founder, The Analyst Relations Learning Curve",,Primary persona: CMO/business leader (executive/founder/PM role match: '\bfounder\b'),1,1,"Monitor - light engagement, add to watchlist"
Carlos Anaya,,Full Stack developer & Product designer | Freelancer | CTO at Markee,,Primary persona: developer (engineering role/title match: 'developer'),1,1,"Monitor - light engagement, add to watchlist"
Lennart Timmermans,https://linkedin.com/in/lennart-timmermans-ab09ab1b4,vondr - AI voor de Nederlandse bouw & infra,vondr,"Primary persona: CMO/business leader (executive/founder/PM role match: '\bfounder\b'), geography in ICP range (EU)",1,1,"Monitor - light engagement, add to watchlist"
Vincent Cannistraro,,"HR & Benefits Strategist | COO & CEO experience across $1M-$100M in revenues | Turning benefits, HR & compliance into an advantage for businesses | Youth Sports Supporter | Aspiring Yogi | Benefitra",,Primary persona: CMO/business leader (executive/founder/PM role match: '\bceo\b'),1,1,"Monitor - light engagement, add to watchlist"
Rachel Bethany,,Customer Success Leader International,,Primary persona: builder (product/ops/marketing/GTM role match: 'customer success'),1,1,"Monitor - light engagement, add to watchlist"
Daniel van Dorp,,Team Lead at Siemens (Mendix) & CTO at SamMobile | CKA(D) | AWS | LFCS,,Secondary persona: technical leader (role/title match: '\bcto\b'),1,1,"Monitor - light engagement, add to watchlist"
Rafael Cavestany,https://linkedin.com/in/rafa-cavestany,"Founding Partner, CEO at ++hellohello",,Primary persona: CMO/business leader (executive/founder/PM role match: '\bceo\b'),1,1,"Monitor - light engagement, add to watchlist"
Romain Gauthier,https://linkedin.com/in/romain-pm,Head of Product @Jahia - Building CMS/DXP for demanding organizations,,Primary persona: CMO/business leader (executive/founder/PM role match: '\bhead of product\b'),1,1,"Monitor - light engagement, add to watchlist"
Petar Zayakov,https://linkedin.com/in/petar-zayakov,"Frontend Software Engineer | React & Typescript | Passionate about clean, accessible UI | 10+ years as business owner",HH Global Czechia s.r.o.,"Primary persona: developer (engineering role/title match: 'software engineer'), geography in ICP range (EU)",1,1,"Monitor - light engagement, add to watchlist"
Diego Consen,,Full Stack Engineer | IT-Consultant @ NAVARA,,Primary persona: developer (engineering role/title match: 'full stack engineer'),1,1,"Monitor - light engagement, add to watchlist"
Cole K.,,Head of Product at Formspree,,Primary persona: CMO/business leader (executive/founder/PM role match: '\bhead of product\b'),1,1,"Monitor - light engagement, add to watchlist"
Will Lamb,,CRO & MD UKI - Nextview - the largest pureplay Salesforce Consulting Partner in Europe - Certified BCorp,,Primary persona: CMO/business leader (executive/founder/PM role match: '\bcro\b'),1,1,"Monitor - light engagement, add to watchlist"
Will Spencer,,Founder & CEO @ Rest Easier | Transforming Employee Financial Wellbeing | Protecting £15bn+ in Assets | Reducing £45bn Stress Costs,,Primary persona: CMO/business leader (executive/founder/PM role match: '\bfounder\b'),1,1,"Monitor - light engagement, add to watchlist"
Roger Connolly,https://linkedin.com/in/rogerconnolly,CPO | AI Product Leader | Taking some Intentional time with family,,Primary persona: CMO/business leader (executive/founder/PM role match: '\bcpo\b'),1,1,"Monitor - light engagement, add to watchlist"
Dylan Scandalios,https://linkedin.com/in/dscandalios,CEO | Invest. Cost Segregate. Engineer Wealth.,,Primary persona: CMO/business leader (executive/founder/PM role match: '\bceo\b'),1,1,"Monitor - light engagement, add to watchlist"
Kevin Stewart,,"SVP Engineering, Splice",,Secondary persona: technical leader (role/title match: '\bsvp engineering\b'),1,1,"Monitor - light engagement, add to watchlist"
Asif Khan,,"President @ Bownix Tech Inc | Smart Software & Scalable Backend Solutions | German Engineering, Canadian Company",,Primary persona: CMO/business leader (executive/founder/PM role match: '\bpresident\b'),1,1,"Monitor - light engagement, add to watchlist"
Tyrese Howell,,"Founder & Visionary | Building Majestic Global Hub | A place to relax, connect, and thrive.",,Primary persona: CMO/business leader (executive/founder/PM role match: '\bfounder\b'),1,1,"Monitor - light engagement, add to watchlist"
Carsten Görs,https://linkedin.com/in/carstengoers,Co-Founder @leefs Human-centered Research & Design - Enterprise-HCD Consulting | My passion: Shaping the future of HMI in agriculture,,Primary persona: CMO/business leader (executive/founder/PM role match: '\bfounder\b'),1,1,"Monitor - light engagement, add to watchlist"
Robin Vasan,,Enterprise Software Seed Investor,,Primary persona: CMO/business leader (executive/founder/PM role match: '\binvestor\b'),1,1,"Monitor - light engagement, add to watchlist"
Shira S.,,CEO @ SmartReach AI | Podcast Host | Growing Companies in Israel | Booked over 23000 B2B Meetings | Generated over $27M in Growth,,Primary persona: CMO/business leader (executive/founder/PM role match: '\bceo\b'),1,1,"Monitor - light engagement, add to watchlist"
Tiffany Spencer,,"Head of Marketing and Communications, Menlo Ventures",,Primary persona: CMO/business leader (executive/founder/PM role match: '\bhead of marketing\b'),1,1,"Monitor - light engagement, add to watchlist"
Chris Hansen,,"Product advisor specializing in early developer-focused products, investor",,Primary persona: developer (engineering role/title match: 'developer'),1,1,"Monitor - light engagement, add to watchlist"
Ivan Lendner,,Cyber Risk Founder | Building Latam’s Cyber Risk Infrastructure | FAIR | Risk Quantification,,Primary persona: CMO/business leader (executive/founder/PM role match: '\bfounder\b'),1,1,"Monitor - light engagement, add to watchlist"
Pralhad Sonar,,"Customer Success Manager - Cloud-Native SAAS | Prev. Sr. CSM @ ▲ Vercel, Lead TAM @ Acquia | 8x Certified Customer Success Manager | TAM | FDE | Tedx Speaker",,Primary persona: builder (product/ops/marketing/GTM role match: 'customer success'),1,1,"Monitor - light engagement, add to watchlist"
Jonathan Yaffe,,CEO and Co-Founder @ AnyRoad + Bside,,Primary persona: CMO/business leader (executive/founder/PM role match: '\bfounder\b'),1,1,"Monitor - light engagement, add to watchlist"
April Dagonese,,Developer Relations Leader,,Primary persona: developer (engineering role/title match: 'developer'),1,1,"Monitor - light engagement, add to watchlist"
"Todd M. Piechowski, MPA",https://linkedin.com/in/mpa-9a1b74150,"VP of Growth, AI Strategy & Implementation Driving Next-Gen Commerce Performance",Envision Horizons,"Primary persona: CMO/business leader (executive/founder/PM role match: '\bfounder\b'), company size in ICP range (11-50), geography in ICP range (US)",1,1,"Monitor - light engagement, add to watchlist"
Debbie O'Brien,https://linkedin.com/in/debbie-obrien,"Platform Engineer - Applied AI at Zephyr Cloud: Helping you all learn and build with AI, Agents, MCPs and more",,Primary persona: developer (engineering role/title match: 'platform engineer'),1,1,"Monitor - light engagement, add to watchlist"
"Natalia Bielczyk, PhD",https://linkedin.com/in/nataliabielczyk,I Teach Self-Navigation in AI-First World ∙ Career & Business Strategist ∙ Neuroscientist ∙ Job Market Anthropologist ∙ The Future of Work ∙ TEDx ∙ Bootstrapper ∙ Academic Lecturer ∙ Author ∙ Founder @ Ontology of Value®,,Primary persona: CMO/business leader (executive/founder/PM role match: '\bfounder\b'),1,1,"Monitor - light engagement, add to watchlist"
Toki Hossain,https://linkedin.com/in/tokih,chief vibe officer @ stealth ,Stealth AI Startup,"Primary persona: CMO/business leader (executive/founder/PM role match: '\bfounder\b'), company size in ICP range (11-50)",1,1,"Monitor - light engagement, add to watchlist"
Nishant Patel,,Founder & CTO at Contentstack,,Secondary persona: technical leader (role/title match: '\bcto\b'),1,1,"Monitor - light engagement, add to watchlist"
Agnieszka Herod,,Frontend Developer w Amsterdam Standard,,Primary persona: developer (engineering role/title match: 'developer'),1,1,"Monitor - light engagement, add to watchlist"
Onur G.,,Software Engineer,,Primary persona: developer (engineering role/title match: 'software engineer'),1,1,"Monitor - light engagement, add to watchlist"
Adrian Goddard,,Head of AI Product @ Acelo,,Secondary persona: technical leader (role/title match: '\bhead of ai\b'),1,1,"Monitor - light engagement, add to watchlist"
Chris E.,https://linkedin.com/in/chriseaton561,Revenue Operations (RevOps) Leader | CS Ops & Sales Ops | Scaling ARR & Protecting NRR | Hands-on CRM Architect (HubSpot • SFDC • Zoho • SugarCRM),,Primary persona: builder (product/ops/marketing/GTM role match: 'revenue operations'),1,1,"Monitor - light engagement, add to watchlist"
Sune Hjerrild,https://linkedin.com/in/sunehjerrild,"ArtelizeAI - audience, subscriber, and patron development superpowers for the live events industry | Founder & CEO Artelize | Former International Opera Singer (Tenor)",,Primary persona: CMO/business leader (executive/founder/PM role match: '\bfounder\b'),1,1,"Monitor - light engagement, add to watchlist"
Behzad Sajed Khosrowshahi,,Data Engineer | SQL and ETL Expert | Data Pipelines,,Primary persona: developer (engineering role/title match: 'data engineer'),1,1,"Monitor - light engagement, add to watchlist"
Matt Roberts,https://linkedin.com/in/mattjroberts,Co-founder @ Happy Operators | Building community | 4.8 ⭐ Maven | ex humanities student & McDonald’s chicken fryer,,Primary persona: CMO/business leader (executive/founder/PM role match: '\bfounder\b'),1,1,"Monitor - light engagement, add to watchlist"
Andreas Kohn,,Principal Engineer,,Primary persona: developer (engineering role/title match: 'principal engineer'),1,1,"Monitor - light engagement, add to watchlist"
Johanna H.,,AI Product Marketing | AI Go-to-Market Strategy | Berkeley Haas MBA,,Primary persona: builder (product/ops/marketing/GTM role match: 'product marketing'),1,1,"Monitor - light engagement, add to watchlist"
"Ken Wong, CFA",,"Managing Director, Software Research at Oppenheimer & Co.",,Primary persona: CMO/business leader (executive/founder/PM role match: '\bmanaging director\b'),1,1,"Monitor - light engagement, add to watchlist"
Christine Yen,https://linkedin.com/in/christineyen,"CEO, Honeycomb.io",honeycomb.io,"Primary persona: CMO/business leader (executive/founder/PM role match: '\bfounder\b'), geography in ICP range (US)",1,1,"Monitor - light engagement, add to watchlist"
Ruben Salazar,,"Musician-Turned-Software Engineer | Building Full-Stack Apps | Composer, Educator, Creator",,Primary persona: developer (engineering role/title match: 'software engineer'),1,1,"Monitor - light engagement, add to watchlist"
Alexandre Juca,,Senior Software Engineer | Co-founder of SOFTLAB LDA | Fintech | Cloud | Systems Programming,,Primary persona: developer (engineering role/title match: 'software engineer'),1,1,"Monitor - light engagement, add to watchlist"
Omri B.,,"Founder | Tech, Product & AI",,Primary persona: CMO/business leader (executive/founder/PM role match: '\bfounder\b'),1,1,"Monitor - light engagement, add to watchlist"
Fernando Polo,https://linkedin.com/in/fernandopolo,CEO at Good Rebels | Presidente Foro IA | Professor Digital Transformation,,Primary persona: CMO/business leader (executive/founder/PM role match: '\bceo\b'),1,1,"Monitor - light engagement, add to watchlist"
Brandon C. Roberts,,"Application Engineer at Bluefish AI - AWS Certified Solutions Architect, TypeScript/ React/ Next.js/ Node.js/AWS/ Python / Computer Vision",,Primary persona: builder (product/ops/marketing/GTM role match: 'solutions architect'),1,1,"Monitor - light engagement, add to watchlist"
Andrew van Beek,https://linkedin.com/in/andrewryanvanbeek,CEO and Co-Founder at Keyboard,,Primary persona: CMO/business leader (executive/founder/PM role match: '\bfounder\b'),1,1,"Monitor - light engagement, add to watchlist"
Jeffrey Martin,,"I’m Jeffrey Scott Martin. A developer, multimedia designer, storyteller, and philosopher-engineer, creating digital experiences that serve people, honour truth, and are guided by a vision of renewal.",,Primary persona: developer (engineering role/title match: 'developer'),1,1,"Monitor - light engagement, add to watchlist"
Douglas Nassif Roma Junior,,Staff Engineer | Software Architecture | AI Enthusiast | Open Source Maintainer | Technical Leadership,,Primary persona: developer (engineering role/title match: 'staff engineer'),1,1,"Monitor - light engagement, add to watchlist"
Robert Tregaskes 🛡️🎗,https://linkedin.com/in/robtregaskes,"Helping Founders and Business Owners who want to grow efficiently, operate securely, and hold up under institutional scrutiny.",Patching,"Primary persona: CMO/business leader (executive/founder/PM role match: '\bfounder\b'), geography in ICP range (EU)",1,1,"Monitor - light engagement, add to watchlist"
Dan Neciu,,Señors at Scale - podcast host | Staff Software Engineer | Organizer of ReactJS Barcelona Meetup,,Primary persona: developer (engineering role/title match: 'software engineer'),1,1,"Monitor - light engagement, add to watchlist"
Sasha Medvedovsky,,"CEO at Diversion - Version Control for UE, game development, VR, 3D and agentic flows. 👉 diversion.dev",,Primary persona: CMO/business leader (executive/founder/PM role match: '\bceo\b'),1,1,"Monitor - light engagement, add to watchlist"
Bailey Paserk,,"Shopify Plus Developer & Founder of Checkout Collective | Subscription dev for scaling food, beverage & supplement brands",,Primary persona: developer (engineering role/title match: 'developer'),1,1,"Monitor - light engagement, add to watchlist"
Tom Denniston,,"Global go-to-market leader and advisor, with extensive experience building teams and operating in high growth tech startups and scale-ups.",,Primary persona: CMO/business leader (executive/founder/PM role match: '\bgo-to-market\b'),1,1,"Monitor - light engagement, add to watchlist"
Jarod Stewart,https://linkedin.com/in/jarodstewart,"Founder, Wraps — deploy email infrastructure to your own AWS | TypeScript, AWS, developer tools",WRAPS,"Primary persona: developer (engineering role/title match: 'developer'), geography in ICP range (US)",1,1,"Monitor - light engagement, add to watchlist"
Xavier L.,,Software Engineer Ruby On Rails @moka.care | Let’s make your teams’ mental health your company's strength | Ruby & Rails Lover @everywhere,,Primary persona: developer (engineering role/title match: 'software engineer'),1,1,"Monitor - light engagement, add to watchlist"
Marie Ringler,,"Global Leadership Group Member & Europe Leader, Ashoka · Board Member · Building an Everyone a Changemaker World · Democracy · Climate · Philanthropy · Systems Change",,Primary persona: CMO/business leader (executive/founder/PM role match: '\bboard member\b'),1,1,"Monitor - light engagement, add to watchlist"
Marco Roth,,Full-Stack Ruby on Rails Developer,,Primary persona: developer (engineering role/title match: 'developer'),1,1,"Monitor - light engagement, add to watchlist"
💻 Emanuele Stoppa,,Senior Software Engineer,,Primary persona: developer (engineering role/title match: 'software engineer'),1,1,"Monitor - light engagement, add to watchlist"
José Manuel Peso Echarri,https://linkedin.com/in/josepesoecharri,Staff Software Engineer at Seedtag,,Primary persona: developer (engineering role/title match: 'software engineer'),1,1,"Monitor - light engagement, add to watchlist"
Adrian McDermott,,Chief Technology Officer - Zendesk,,Secondary persona: technical leader (role/title match: '\bchief technology officer\b'),1,1,"Monitor - light engagement, add to watchlist"
Gur Brosh,https://linkedin.com/in/gur-brosh,Co-founder & COO at Canyon Road,AppSharp,"Primary persona: CMO/business leader (executive/founder/PM role match: '\bfounder\b'), geography in ICP range (US)",1,1,"Monitor - light engagement, add to watchlist"
"Natalia Bielczyk, PhD",,I Teach Self-Navigation in AI-First World ∙ Career & Business Strategist ∙ Neuroscientist ∙ Job Market Anthropologist ∙ The Future of Work ∙ TEDx ∙ Bootstrapper ∙ Academic Lecturer ∙ Author ∙ Founder @ Ontology of Value®,,Primary persona: CMO/business leader (executive/founder/PM role match: '\bfounder\b'),1,1,"Monitor - light engagement, add to watchlist"
Aravind Putrevu,https://linkedin.com/in/aravindputrevu,AI Coding | Scaling Dev Tools | Developer GTM,,Primary persona: developer (engineering role/title match: 'developer'),1,1,"Monitor - light engagement, add to watchlist"
Yuliia Tryhubniak,,Software Engineering Student | Ruby | MBA | ex-HR manager,,Primary persona: developer (engineering role/title match: 'software engineering'),1,1,"Monitor - light engagement, add to watchlist"
Nguyen Hai Yen,,Growth Marketing | Web Analytics | SEO GEO | Alternante en Data Marketing,,Primary persona: builder (product/ops/marketing/GTM role match: 'growth marketing'),1,1,"Monitor - light engagement, add to watchlist"
Chad Nielson,,Head of Business Development @ 21YunBox | Lean Six Sigma Black Belt,,Primary persona: CMO/business leader (executive/founder/PM role match: '\bbusiness development\b'),1,1,"Monitor - light engagement, add to watchlist"
Andrew Stebbing,https://linkedin.com/in/astebbing,"General Manager | Operations, Sales & Client Success | Custom Web Applications & Connected Commerce | Helping Australian Businesses Build Platforms That Work",,Primary persona: CMO/business leader (executive/founder/PM role match: '\bgeneral manager\b'),1,1,"Monitor - light engagement, add to watchlist"
Steven Vachon,https://linkedin.com/in/stevenvachon,Frontend & Cloud Engineer • React • Node.js • AWS • AI-Accelerated,,Primary persona: developer (engineering role/title match: 'cloud engineer'),1,1,"Monitor - light engagement, add to watchlist"
James Navin,,"Finance Leadership for $1M–$100M SaaS/E-commerce/Life Sciences/Other Technology Companies | Fractional CFO | Extensive experience with capital raises, M&A, and successful exits",,Primary persona: CMO/business leader (executive/founder/PM role match: '\bcfo\b'),1,1,"Monitor - light engagement, add to watchlist"
Elson Correia▪️,https://linkedin.com/in/elsoncorreia,Senior Frontend Engineer @ AWS Transform | Founder of Before Semicolon,Before Semicolon,"Primary persona: developer (engineering role/title match: 'frontend engineer'), geography in ICP range (US)",1,1,"Monitor - light engagement, add to watchlist"
Kevin Lord Barry,https://linkedin.com/in/kevin-lord-barry,I wrote the only book on B2B ads on Amazon. Read more about  ‘Do What Works’ below! 👇,Right Percent,"Primary persona: CMO/business leader (executive/founder/PM role match: '\bfounder\b'), geography in ICP range (US)",1,1,"Monitor - light engagement, add to watchlist"
Peter Michaels Allen,,Founder at Stealth AI Nonprofit | Design System Architect for Human & AI Agent Experiences,,Primary persona: CMO/business leader (executive/founder/PM role match: '\bfounder\b'),1,1,"Monitor - light engagement, add to watchlist"
Sanket Pathak,https://linkedin.com/in/sanketpath,"On career break. Prev. Intern, Chief of Staff at Enterpret, Design Manager at Postman",Career Break,Primary persona: CMO/business leader (executive/founder/PM role match: '\bchief of staff\b'),1,1,"Monitor - light engagement, add to watchlist"
Laurent Le Graverend,,Group CTO of Caldecott Music Group: BandLab Technologies | NME Networks | Vista Musical Instruments,,Secondary persona: technical leader (role/title match: '\bcto\b'),1,1,"Monitor - light engagement, add to watchlist"
Nathaniel Powning,,Staff Software Engineer @ Weedmaps,,Primary persona: developer (engineering role/title match: 'software engineer'),1,1,"Monitor - light engagement, add to watchlist"
Rich Tillman,,"Principal Frontend Engineer | AI Developer Tooling | MCP | React, Tanstack Start, Next.js, TypeScript, Nx, Storybook | Design Systems | Monorepo Architecture | Engineering Leadership",,Primary persona: developer (engineering role/title match: 'developer'),1,1,"Monitor - light engagement, add to watchlist"
Aodhan Hamilton,,Fullstack TypeScript Developer,,Primary persona: developer (engineering role/title match: 'developer'),1,1,"Monitor - light engagement, add to watchlist"
José Manuel Peso Echarri,,Staff Software Engineer at Seedtag,,Primary persona: developer (engineering role/title match: 'software engineer'),1,1,"Monitor - light engagement, add to watchlist"
Eric Lagier,,Founder & Managing Partner at byFounders,,Primary persona: CMO/business leader (executive/founder/PM role match: '\bfounder\b'),1,1,"Monitor - light engagement, add to watchlist"
Arnav Eluri,,Software Engineer Intern @ Seconize | AI Research & Engineering | LLMs - GenAI - Agentic AI | 2x Hackathon Winner | REVA ’27,,Primary persona: developer (engineering role/title match: 'software engineer'),1,1,"Monitor - light engagement, add to watchlist"
Robert Yuen,https://linkedin.com/in/yuenrobert,"Architecture to CEO @ Monograph | Easy Project Management Software for Architecture and Engineering Firms | Trusted daily by 13,500+ architects and engineers",Monograph,"Primary persona: CMO/business leader (executive/founder/PM role match: '\bfounder\b'), geography in ICP range (US)",1,1,"Monitor - light engagement, add to watchlist"
Derek Birdsong,,"Product Marketing Leader & Revenue Strategist | Fractional CMO | Enterprise AI & Data Platforms | Public, PE, VC",,Primary persona: builder (product/ops/marketing/GTM role match: 'product marketing'),1,1,"Monitor - light engagement, add to watchlist"
🇬🇧 Alan Pope,,Developer Relations @ Tessl | Podcast Host @ Linux Matters | OpenUK Ambassador | Technology Expert,,Primary persona: developer (engineering role/title match: 'developer'),1,1,"Monitor - light engagement, add to watchlist"
Thorkild Bjerre,,Partner at Mensch. Founder and previous owner at Another.,,Primary persona: CMO/business leader (executive/founder/PM role match: '\bfounder\b'),1,1,"Monitor - light engagement, add to watchlist"
Emil Stewart,,Solutions Architect | Pushing Limits of AI,,Primary persona: builder (product/ops/marketing/GTM role match: 'solutions architect'),1,1,"Monitor - light engagement, add to watchlist"
Harmonie Kasko,,Head of Marketing @ OrderEase | Growth and Product Marketing,,Primary persona: builder (product/ops/marketing/GTM role match: 'product marketing'),1,1,"Monitor - light engagement, add to watchlist"
Alexander Tishchenko,,"Executive Vice President, co-founder at Evil Martians",,Primary persona: CMO/business leader (executive/founder/PM role match: '\bfounder\b'),1,1,"Monitor - light engagement, add to watchlist"
Bogdan Novykov Chumak,https://linkedin.com/in/bogdan-novykov,CEO @ novlabs.ai | building clankercloud.ai the AI workspace,,Primary persona: CMO/business leader (executive/founder/PM role match: '\bceo\b'),1,1,"Monitor - light engagement, add to watchlist"
Alex Leonov,,CTO & Co-founder @ Docsum (YC S23),,Secondary persona: technical leader (role/title match: '\bcto\b'),1,1,"Monitor - light engagement, add to watchlist"
Ryan Djurovich,https://linkedin.com/in/ryandjurovich,Agent infrastructure you control 😎 Nadrama.com,Nadrama,Primary persona: CMO/business leader (executive/founder/PM role match: '\bfounder\b'),1,1,"Monitor - light engagement, add to watchlist"
Olexandra Dubovyk,,White-label web development for agencies | Head of Business Development at @DevOut Labs,,Primary persona: CMO/business leader (executive/founder/PM role match: '\bbusiness development\b'),1,1,"Monitor - light engagement, add to watchlist"
Jack Hall,,"Senior Engineer & Platform Architect | Kubernetes, Go, & Edge Infrastructure | CKA",,Primary persona: developer (engineering role/title match: 'senior engineer'),1,1,"Monitor - light engagement, add to watchlist"
Stefan Taitano,,ServiceNow Developer & Technical Consultant at Cognizant | Veteran | Secret Security Clearance | Chess Enthusiast,,Primary persona: developer (engineering role/title match: 'developer'),1,1,"Monitor - light engagement, add to watchlist"
👨‍💻 Oleksandr Bystrikov 🇺🇦,,Founder @ valisa.io,,Primary persona: CMO/business leader (executive/founder/PM role match: '\bfounder\b'),1,1,"Monitor - light engagement, add to watchlist"
Ben Robertson,https://linkedin.com/in/benjamingrobertson,The Coloring Page Kingpin,ColorBliss,"Primary persona: CMO/business leader (executive/founder/PM role match: '\bfounder\b'), geography in ICP range (US)",1,1,"Monitor - light engagement, add to watchlist"
Damir Krkalić,,"AI/Agent Developer(ML or GenAI Engineer) I design and build agentic apps and agents. I define agent logic, workflows, prompts, and RAG/data integrations, then evaluate and tune their outputs through testing and debugging",,Primary persona: developer (engineering role/title match: 'developer'),1,1,"Monitor - light engagement, add to watchlist"
Matthew Foyle,,Devrel Lead @ Fireblocks,,Primary persona: developer (engineering role/title match: 'devrel'),1,1,"Monitor - light engagement, add to watchlist"
Daniel Villegas,,COO of Domestika,,Primary persona: CMO/business leader (executive/founder/PM role match: '\bcoo\b'),1,1,"Monitor - light engagement, add to watchlist"
Jon Jaffe,,Principal Sales Engineer at Builder.io,,Primary persona: builder (product/ops/marketing/GTM role match: 'builder'),1,1,"Monitor - light engagement, add to watchlist"
Kevin Katzbeck,,Connecting developers and tech companies worldwide | VP Business Development @ WeAreDevelopers,,Primary persona: CMO/business leader (executive/founder/PM role match: '\bbusiness development\b'),1,1,"Monitor - light engagement, add to watchlist"
Annie Case,,Early stage investor,,Primary persona: CMO/business leader (executive/founder/PM role match: '\binvestor\b'),1,1,"Monitor - light engagement, add to watchlist"
Ben Duncan,,"Co-Founder & CTO @ Mulga | AWS-compatible workloads anywhere | On-prem, Edge & Sovereign Cloud",,Secondary persona: technical leader (role/title match: '\bcto\b'),1,1,"Monitor - light engagement, add to watchlist"
Prince Kukreja,,Frontend Engineer · React / Vue / TypeScript · UI/UX · London,,Primary persona: developer (engineering role/title match: 'frontend engineer'),1,1,"Monitor - light engagement, add to watchlist"
Aldo Muñoz Ortiz,,Co-Founder en Phero,,Primary persona: CMO/business leader (executive/founder/PM role match: '\bfounder\b'),1,1,"Monitor - light engagement, add to watchlist"
Tim Yocum,,"Helping Enterprises Reduce Cloud Risk and Delivery Failure with AI-Driven Automation | Managing Partner, YTG",,Primary persona: CMO/business leader (executive/founder/PM role match: '\bmanaging partner\b'),1,1,"Monitor - light engagement, add to watchlist"
chris brown,,AI Automation Consultant | Founder of Albatross AI | Helping businesses replace $500/mo tools with AI workflows,,Primary persona: CMO/business leader (executive/founder/PM role match: '\bfounder\b'),1,1,"Monitor - light engagement, add to watchlist"
Jean KOÏVOGUI,,"Co-Founder of Thynaptix : The Cognitive Layer for Physical Infrastructure | CEO & Co-founder at Copernilabs | Advanced AI Systems, VLM/LVLM, SLM & Cognitive AI",,Primary persona: CMO/business leader (executive/founder/PM role match: '\bfounder\b'),1,1,"Monitor - light engagement, add to watchlist"
Jessica Lockyer,https://linkedin.com/in/lockyerj,Operations leader | Driving efficiency through collaboration and scalable processes,Loop Financial,Primary persona: CMO/business leader (executive/founder/PM role match: '\bhead of business\b'),1,1,"Monitor - light engagement, add to watchlist"
Sia K.,,"Founder / Fund Manager at Skycatcher, LLC",,Primary persona: CMO/business leader (executive/founder/PM role match: '\bfounder\b'),1,1,"Monitor - light engagement, add to watchlist"
Darko Mesaroš,https://linkedin.com/in/darko-mesaros,Principal Developer Advocate at Amazon Web Services (AWS)| System Administrator | Vintage Computing aficionado | Twitch Streamer,Amazon Web Services (AWS),"Primary persona: developer (engineering role/title match: 'developer'), geography in ICP range (US)",1,1,"Monitor - light engagement, add to watchlist"
Dean Newman,https://linkedin.com/in/dbnewman,Solutions Architect at Localsearch,,Primary persona: builder (product/ops/marketing/GTM role match: 'solutions architect'),1,1,"Monitor - light engagement, add to watchlist"
Sarthak Aggarwal,https://linkedin.com/in/sarthak-aggarwal-8b0b27257,Data Analyst | Marketer | Innovation | Leadership | Startups | Research,Patterns,Primary persona: CMO/business leader (executive/founder/PM role match: '\bentrepreneur\b'),1,1,"Monitor - light engagement, add to watchlist"
Ben Ó Mathúin,,Post-Sale Revenue Architect | Engineering Retention & Expansion Systems for Scaling SaaS,,Primary persona: builder (product/ops/marketing/GTM role match: 'revenue architect'),1,1,"Monitor - light engagement, add to watchlist"
Rahma Sohail,,Full Stack Developer (MERN & Next.js) | Node.js | React | Python | AI Integration,,Primary persona: developer (engineering role/title match: 'developer'),1,1,"Monitor - light engagement, add to watchlist"
Evan Howe,,Results Driven Sales Leader | High-Energy Team Builder | Girl Dad | Homebrewer,,Primary persona: builder (product/ops/marketing/GTM role match: 'builder'),1,1,"Monitor - light engagement, add to watchlist"
Fengjiao Peng,,"Builder, Tinkerer | YC | MIT",,Primary persona: builder (product/ops/marketing/GTM role match: 'builder'),1,1,"Monitor - light engagement, add to watchlist"
Vahid Kowsari,https://linkedin.com/in/vahidkowsari,Experienced Healthtech Founder & Leader. CTO/Fractional CTO. Technical Advisor,,Secondary persona: technical leader (role/title match: '\bcto\b'),1,1,"Monitor - light engagement, add to watchlist"
Mykola C.,,Senior Frontend Engineer ✅ React | Next.js | Angular,,Primary persona: developer (engineering role/title match: 'frontend engineer'),1,1,"Monitor - light engagement, add to watchlist"
Ritin Agarwal,,Fractional CFO for IT Services Companies between $10M and $100M+ | 14-Day Close Cycles → 6 Days | DSO 87 → 45 Days | Managing Partner at Fundvice,,Primary persona: CMO/business leader (executive/founder/PM role match: '\bcfo\b'),1,1,"Monitor - light engagement, add to watchlist"
Gerald Onyango,,Senior Engineering Manager at Cobalt,,Primary persona: developer (engineering role/title match: 'engineering manager'),1,1,"Monitor - light engagement, add to watchlist"
Tina Retsi Perdal,,Oracle DBA / Entrepreneur,,Primary persona: CMO/business leader (executive/founder/PM role match: '\bentrepreneur\b'),1,1,"Monitor - light engagement, add to watchlist"
🎯Jaime Sorgente,,I help digital leaders get mission critical apps to market faster with our world-class developer experience & self-driving infrastructure | Enterprise GTM @ ▲ Vercel | Microsoft & LinkedIn Alum,,Primary persona: developer (engineering role/title match: 'developer'),1,1,"Monitor - light engagement, add to watchlist"
Jesse Reiss,,Co-Founder & CTO at Hummingbird - we're hiring!,,Secondary persona: technical leader (role/title match: '\bcto\b'),1,1,"Monitor - light engagement, add to watchlist"
Tomasz Sobczyk,https://linkedin.com/in/tomasz-sobczyk,"Architect / Consultant / Technical Leader - Adobe Experience Cloud, AWS",,Secondary persona: technical leader (role/title match: '\btechnical leader\b'),1,1,"Monitor - light engagement, add to watchlist"
Sean Boult,,Full Stack Developer,,Primary persona: developer (engineering role/title match: 'developer'),1,1,"Monitor - light engagement, add to watchlist"
Marcus Eagan,https://linkedin.com/in/marcuseagan,Founder @ Nativelink,,Primary persona: CMO/business leader (executive/founder/PM role match: '\bfounder\b'),1,1,"Monitor - light engagement, add to watchlist"
Mark K.,,"Cust Srvc & Employee Growth Advocate, Digital Transformer, Empath, Entrepreneur, AI/HI Enthusiast, Infras Architect, ITSM/ESM/ITIL Guru, People-First Servant Leader, Runner, Hack Musician, & Sr IT Dir. Opinions are mine.",,Primary persona: CMO/business leader (executive/founder/PM role match: '\bentrepreneur\b'),1,1,"Monitor - light engagement, add to watchlist"
Jeroen B.,,"Senior Vice President, Global Professional Services",,Primary persona: CMO/business leader (executive/founder/PM role match: '\bpresident\b'),1,1,"Monitor - light engagement, add to watchlist"
Sarah Rettig,,Web Developer and Digital Designer / AI Enabled Builder,,Primary persona: developer (engineering role/title match: 'developer'),1,1,"Monitor - light engagement, add to watchlist"
Titus Roby K,,Senior Java Developer | AEM Specialist | CMS Implementation | Startup Experience | Full Lifecycle Ownership,,Primary persona: developer (engineering role/title match: 'developer'),1,1,"Monitor - light engagement, add to watchlist"
Aaron Melhorn,,President at O2 Digital Creative Agency,,Primary persona: CMO/business leader (executive/founder/PM role match: '\bpresident\b'),1,1,"Monitor - light engagement, add to watchlist"
Alexander Juranek,,Building the Phygital Health Infrastructure for Human Longevity. Founder @ SALADISM | Architecting FARMTAIL™ OS. Ex Coca-Cola & Serial Food Tech Entrepreneur.,,Primary persona: CMO/business leader (executive/founder/PM role match: '\bfounder\b'),1,1,"Monitor - light engagement, add to watchlist"
Venkat Jonnadula,,VP of Engineering@Handshake AI,,Secondary persona: technical leader (role/title match: '\bvp of engineering\b'),1,1,"Monitor - light engagement, add to watchlist"
Constant Vallée Schmitter,https://linkedin.com/in/constantvallee,Web Development Manager at Cirque du Soleil Entertainment Group,Cirque du Soleil Entertainment Group,Primary persona: developer (engineering role/title match: 'developer'),1,1,"Monitor - light engagement, add to watchlist"
David Stillson,,"Serial Entrepreneur, Technologist and AI Enthusiast, Obsessed with learning and building",,Primary persona: CMO/business leader (executive/founder/PM role match: '\bentrepreneur\b'),1,1,"Monitor - light engagement, add to watchlist"
Rutuja Patil,,"Frontend Engineer crafting elegant, high-performance, accessible, and scalable systems",,Primary persona: developer (engineering role/title match: 'frontend engineer'),1,1,"Monitor - light engagement, add to watchlist"
The Ba D.,,"Head of Marketing & Growth | Education, Finance & Dental Sectors | APAC - RuNet | Builder, Optimizer & Scaler | Founder Ổi Web Agency",,Primary persona: builder (product/ops/marketing/GTM role match: 'builder'),1,1,"Monitor - light engagement, add to watchlist"
Piotr Zaborowski,,Senior Software Engineering Manager @ Procter & Gamble | Driving Innovation and Collaboration,,Primary persona: developer (engineering role/title match: 'software engineering'),1,1,"Monitor - light engagement, add to watchlist"
Brad Dressler,https://linkedin.com/in/braddressler,"⭐️Ex-Google / Meta 👀 Seeks tech co growth / marketing role! 📈 Open to consulting, advising, FT or PT. 🔥Marketing leader growing tech products, startups, and partnerships | 🌈 Ask about StartOut 🏳️‍🌈",Tech Startups,"Primary persona: builder (product/ops/marketing/GTM role match: 'product marketing'), company size in ICP range (11-50), geography in ICP range (US)",1,1,"Monitor - light engagement, add to watchlist"
Domitrius Clark,https://linkedin.com/in/domitriusclark,Developer educator & community builder,,Primary persona: developer (engineering role/title match: 'developer'),1,1,"Monitor - light engagement, add to watchlist"
Anandi Devi,https://linkedin.com/in/anandi-devi,Go-To-Market (GTM) Engineer @ ConnectSafely | MBA,,Primary persona: CMO/business leader (executive/founder/PM role match: '\bgo-to-market\b'),1,1,"Monitor - light engagement, add to watchlist"
Jason Godson,,Staff Software Developer at Shopify,,Primary persona: developer (engineering role/title match: 'software developer'),1,1,"Monitor - light engagement, add to watchlist"
Al Newkirk,https://linkedin.com/in/alnewkirk,"Engineering Leader fixing execution breakdowns in software teams | Creator of Collaborate by Contract (CBC) | Clarity, accountability, outcomes | Open to advisory and leadership roles",,Secondary persona: technical leader (role/title match: '\bengineering leader\b'),1,1,"Monitor - light engagement, add to watchlist"
Jake Northey,,Founder & Chief Product Engineer // Software Project Leader,,Primary persona: CMO/business leader (executive/founder/PM role match: '\bfounder\b'),1,1,"Monitor - light engagement, add to watchlist"
Hannah Wright,https://linkedin.com/in/-hannah-wright-,Marketing Engineer · Marketing Developer · AI-First Web Developer | WordPress | Webflow | Claude Code | B2B SaaS & AI | Startup Experience,,Primary persona: developer (engineering role/title match: 'developer'),1,1,"Monitor - light engagement, add to watchlist"
Jasmin Guthmann,https://linkedin.com/in/jguthmann,Trailblazer | Keynote Speaker | Author | ex MACH Alliance Board Member (2x),,Primary persona: CMO/business leader (executive/founder/PM role match: '\bboard member\b'),1,1,"Monitor - light engagement, add to watchlist"
Luciano Zangeronimo,,"Desenvolvedor Fullstack | .NET, Node.js, TypeScript, React | Tech Lead | Arquitetura Limpa, DDD e SOLID",,Secondary persona: technical leader (role/title match: '\btech lead\b'),1,1,"Monitor - light engagement, add to watchlist"
Gail Davis,https://linkedin.com/in/gail-davis-ut11,Founder / Inventor of the Kool Keyboard ⌨️  Simple Design Solution to make learning to type the letter keys ~ from A to Z ~ as easy as can be!  • Intuitive  • Fast & Easy to Learn • User-Centered Design ,Kool Keyboard,"Primary persona: CMO/business leader (executive/founder/PM role match: '\bfounder\b'), geography in ICP range (US)",1,1,"Monitor - light engagement, add to watchlist"
Joseph Kaiser,,Sr. Business Systems Analyst | Sr. Solutions Consultant | Agile Practitioner | Certified Customer Success Manager,,Primary persona: builder (product/ops/marketing/GTM role match: 'customer success'),1,1,"Monitor - light engagement, add to watchlist"
Marshall Serlin,,Solutions Architect at Stripe,,Primary persona: builder (product/ops/marketing/GTM role match: 'solutions architect'),1,1,"Monitor - light engagement, add to watchlist"
Paul Mayer,,Product Management Professional,,Primary persona: CMO/business leader (executive/founder/PM role match: '\bproduct management\b'),1,1,"Monitor - light engagement, add to watchlist"
Dirk Bernhardt,,CFO | Beancounter with attitude | scaling high-growth tech startups | more than 'just' finance,,Primary persona: CMO/business leader (executive/founder/PM role match: '\bcfo\b'),1,1,"Monitor - light engagement, add to watchlist"
Senay Yakut,,AI Engineer | Full-Stack | Healthcare & Agentic Systems | Former Cardiac ICU & ER Nurse | FHIR · LangChain · Python,,Primary persona: developer (engineering role/title match: 'ai engineer'),1,1,"Monitor - light engagement, add to watchlist"
Chisom Emmanuel,https://linkedin.com/in/chisom-emmanuel,"Customer Success for SaaS | Reduce Churn, Increase Retention & ARR | Onboarding to Expansion",,Primary persona: builder (product/ops/marketing/GTM role match: 'customer success'),1,1,"Monitor - light engagement, add to watchlist"
Danny Woods,,"CEO @ Connect | Pre-built digital products for your member app. Working with fitness, leisure and wellness brands.",,Primary persona: CMO/business leader (executive/founder/PM role match: '\bceo\b'),1,1,"Monitor - light engagement, add to watchlist"
Lubomila J.,,Group CEO Diginex │ Plan A │ Greentech Alliance │ MIT Under 35 Innovator │ Capital 40 under 40 │ BMW Responsible Leader │ LinkedIn Top Voice,,Primary persona: CMO/business leader (executive/founder/PM role match: '\bceo\b'),1,1,"Monitor - light engagement, add to watchlist"
Blessing Samuel,,"Software Engineer | Blockchain Protocol | Interested and Growing in Protocol, Blockchain & Distributed Systems and Research",,Primary persona: developer (engineering role/title match: 'software engineer'),1,1,"Monitor - light engagement, add to watchlist"
Jefferson Haw,,"Applied AI | ☁️ 🤖 & Cyber Security | Identity | GRC | Solutions Engineer Leader | Field CTO | Drive every organisation to adopt, evolve & mature their AI journey through an agentic AI workforce safely & securely.",,Secondary persona: technical leader (role/title match: '\bcto\b'),1,1,"Monitor - light engagement, add to watchlist"
Johan Eliasson,,CTO at Gazella,,Secondary persona: technical leader (role/title match: '\bcto\b'),1,1,"Monitor - light engagement, add to watchlist"
Dilcia Alvarado,,Marketing & Business | Digital Strategist | Growth Marketing | AI-driven Marketing,,Primary persona: builder (product/ops/marketing/GTM role match: 'growth marketing'),1,1,"Monitor - light engagement, add to watchlist"
Ahmed Ashraf,,Frontend Engineer Ex-@Slash-Hub,,Primary persona: developer (engineering role/title match: 'frontend engineer'),1,1,"Monitor - light engagement, add to watchlist"
Josh R.,,Principal Field Engineer @ Redis | Enhancing Developer Experience,,Primary persona: developer (engineering role/title match: 'developer'),1,1,"Monitor - light engagement, add to watchlist"
Alexander Wennerberg,https://linkedin.com/in/alexanderwennerberg,CEO & Founder at Hives.co,Hives.co,"Primary persona: CMO/business leader (executive/founder/PM role match: '\bfounder\b'), geography in ICP range (EU)",1,1,"Monitor - light engagement, add to watchlist"
Anton Due,https://linkedin.com/in/anton-pigeon,DevOps & Platform Engineer at nemlig.com,nemlig.com,"Primary persona: developer (engineering role/title match: 'platform engineer'), geography in ICP range (EU)",1,1,"Monitor - light engagement, add to watchlist"
Justin Beckwith,,Engineering Leader @OpenAI,,Secondary persona: technical leader (role/title match: '\bengineering leader\b'),1,1,"Monitor - light engagement, add to watchlist"
Kelly Harrop,,"Senior Software Engineer, Player",,Primary persona: developer (engineering role/title match: 'software engineer'),1,1,"Monitor - light engagement, add to watchlist"
Alex Sirota,,"Entrepreneur, Investor & Advisor",,Primary persona: CMO/business leader (executive/founder/PM role match: '\binvestor\b'),1,1,"Monitor - light engagement, add to watchlist"
John Collins,https://linkedin.com/in/johncollins,"I help growing companies select, implement, and scale their content systems successfully. // Founder of Practical PIO, building resources and tools for “voluntold” public information officers",,Primary persona: CMO/business leader (executive/founder/PM role match: '\bfounder\b'),1,1,"Monitor - light engagement, add to watchlist"
Devin Paulsen,,"Enterprise Solutions Architect @ Select Health | Cloud Solutions, Agile Practices",,Primary persona: builder (product/ops/marketing/GTM role match: 'solutions architect'),1,1,"Monitor - light engagement, add to watchlist"
Spencer Hunter,,"Developer Relations Leader | Fintech & Payments APIs | Developer Experience, Tooling & Sales Enablement",,Primary persona: developer (engineering role/title match: 'developer'),1,1,"Monitor - light engagement, add to watchlist"
Jason Rose,https://linkedin.com/in/jason-rose-9641a313,Senior Web Developer at Riot Games,,Primary persona: developer (engineering role/title match: 'developer'),1,1,"Monitor - light engagement, add to watchlist"
Scott Kennedy,,"Venture-funded serial founder with exits. Investor, advisor, speaker, dad.",,Primary persona: CMO/business leader (executive/founder/PM role match: '\bfounder\b'),1,1,"Monitor - light engagement, add to watchlist"
Josh Roberts,,Product Manager at Excellent Exchange | Need help growing your business? Let’s talk!,,Primary persona: CMO/business leader (executive/founder/PM role match: '\bproduct manager\b'),1,1,"Monitor - light engagement, add to watchlist"
David Boskovic,,Founder / CEO @ Obvious,,Primary persona: CMO/business leader (executive/founder/PM role match: '\bfounder\b'),1,1,"Monitor - light engagement, add to watchlist"
Mike Manoske PCC,,Certified Executive Coach | 2x Founder | Author | 2 Decade Recruiting Leader | Wharton Executive MBA Coach & Program Leader | Helping you exceed your goals through coaching & community for every phase of your career,,Primary persona: CMO/business leader (executive/founder/PM role match: '\bfounder\b'),1,1,"Monitor - light engagement, add to watchlist"
Rohit Garewal,https://linkedin.com/in/rohit-garewal,"Chief Executive Officer | Palantir, Salesforce, and Oracle Partner",,Primary persona: CMO/business leader (executive/founder/PM role match: '\bchief executive\b'),1,1,"Monitor - light engagement, add to watchlist"
Reda LOUKIL,,Software Engineer,,Primary persona: developer (engineering role/title match: 'software engineer'),1,1,"Monitor - light engagement, add to watchlist"
Vitaliy Mogilevskiy,,Staff Software Engineer at Slack,,Primary persona: developer (engineering role/title match: 'software engineer'),1,1,"Monitor - light engagement, add to watchlist"
Maxwell Schilling,,AI Product Manager | Founder | Startup Advisor,,Primary persona: CMO/business leader (executive/founder/PM role match: '\bproduct manager\b'),1,1,"Monitor - light engagement, add to watchlist"
Andres Kõiva,,"Co-founder at Raal | We handle device operations for distributed teams. Onboarding, offboarding, 150+ countries. IT teams place an order, we handle the rest.",,Primary persona: CMO/business leader (executive/founder/PM role match: '\bfounder\b'),1,1,"Monitor - light engagement, add to watchlist"
Julian Maurel,,Co-CEO @Jahia - #1 ranked Enterprise CMS to manage the websites and portals of ambitious companies,,Primary persona: CMO/business leader (executive/founder/PM role match: '\bceo\b'),1,1,"Monitor - light engagement, add to watchlist"
Suvish Thoovamalayil,,Director of Engineering at Contentstack,,Secondary persona: technical leader (role/title match: '\bdirector of engineering\b'),1,1,"Monitor - light engagement, add to watchlist"
Allison Messner,,CEO @ Yardzen | Inc Female Founders 100 | Fast Company Most Innovative | Investor & Advisor,,Primary persona: CMO/business leader (executive/founder/PM role match: '\bceo\b'),1,1,"Monitor - light engagement, add to watchlist"
Jim Herbert,,CEO at Patchworks,,Primary persona: CMO/business leader (executive/founder/PM role match: '\bceo\b'),1,1,"Monitor - light engagement, add to watchlist"
Alex dc,,Chief Architect @ Alexdc.com,,Secondary persona: technical leader (role/title match: '\bchief architect\b'),1,1,"Monitor - light engagement, add to watchlist"
Maryam B.,,VP | Lead Software Engineer | Data Transformation COE | JPMorgan Chase,,Primary persona: developer (engineering role/title match: 'software engineer'),1,1,"Monitor - light engagement, add to watchlist"
Purnima Kumari,,Senior AI Solutions Architect || AI Native Cloud || Gen AI || IIM-K || DigitalOcean,,Primary persona: builder (product/ops/marketing/GTM role match: 'solutions architect'),1,1,"Monitor - light engagement, add to watchlist"
Jesper Reck-Jensen,,Head of Technology @ Spring/Summer,,Secondary persona: technical leader (role/title match: '\bhead of technology\b'),1,1,"Monitor - light engagement, add to watchlist"
Francis Nepomuceno,,Staff Software Engineer at Consensys,,Primary persona: developer (engineering role/title match: 'software engineer'),1,1,"Monitor - light engagement, add to watchlist"
Katie Miller,,Software Engineer | Pragmatically Building Useful Tools | Focused on UX & Developer Experience,,Primary persona: developer (engineering role/title match: 'software engineer'),1,1,"Monitor - light engagement, add to watchlist"
Shodipo Ayomide,,Head of Developer Relations | Technical Writer | Engineering Manager In Identity | Software Architect | Full Stack Engineer | On-Chain | ML,,Primary persona: developer (engineering role/title match: 'developer'),1,1,"Monitor - light engagement, add to watchlist"
Mario Peshev,https://linkedin.com/in/mpeshev,Value Creation Advisor | Private Equity & Mid-Market | Founder @ DevriX | Angel Investor (25x),Growth Shuttle,"Primary persona: CMO/business leader (executive/founder/PM role match: '\bfounder\b'), company size in ICP range (11-50), geography in ICP range (EU)",1,1,"Monitor - light engagement, add to watchlist"
Richard Fortune,,"Platforms, Ecosystems, Developer Experience",,Primary persona: developer (engineering role/title match: 'developer'),1,1,"Monitor - light engagement, add to watchlist"
Yuri K.,,"Senior Backend / Full-Stack Engineer | Node.js, TypeScript | AWS/GCP | Tech Lead",,Primary persona: developer (engineering role/title match: 'full-stack engineer'),1,1,"Monitor - light engagement, add to watchlist"
Mihir Bellare,,Solutions Architect at KogniVera,,Primary persona: builder (product/ops/marketing/GTM role match: 'solutions architect'),1,1,"Monitor - light engagement, add to watchlist"
Rob Huffstedtler,,Global Head of Pre-Sales Operations,,Primary persona: builder (product/ops/marketing/GTM role match: 'pre-sales'),1,1,"Monitor - light engagement, add to watchlist"
Maria Barkouzou,,Front-End Software Engineer | React | Angular | GirlCode Ambassador,,Primary persona: developer (engineering role/title match: 'software engineer'),1,1,"Monitor - light engagement, add to watchlist"
Todd Kleinhans,https://linkedin.com/in/todd-kleinhans-981920,Seeking Sr SQL Server DBA or Data Engineer full-time position,,"Primary persona: developer (engineering role/title match: 'data engineer'), geography in ICP range (US)",1,1,"Monitor - light engagement, add to watchlist"
Esteban S.,,"AI Transformation Leader (Business Solutions, Cyber-Security, Cloud) - Technical Sales - Project Manager - Customer Success",,Primary persona: builder (product/ops/marketing/GTM role match: 'customer success'),1,1,"Monitor - light engagement, add to watchlist"
Vivek R.,,Founder & CEO at The AI Company & Get Started (We’re Hiring!),,Primary persona: CMO/business leader (executive/founder/PM role match: '\bfounder\b'),1,1,"Monitor - light engagement, add to watchlist"
Pravallika Kambhampati,,"Software Engineer @ Arrcus, Inc. | MSCS @ UMN | Prev @ Tesla, Cisco",,Primary persona: developer (engineering role/title match: 'software engineer'),1,1,"Monitor - light engagement, add to watchlist"
Husein Sharaf,https://linkedin.com/in/husein-sharaf,⚡ Helping leaders harness the power of AI & the Microsoft Cloud ☁️ 🚀 We don't just find your competitive edge – we forge it. 🥇  Founder @ Cloudforce,Cloudforce,"Primary persona: CMO/business leader (executive/founder/PM role match: '\bfounder\b'), company size in ICP range (11-50), geography in ICP range (US)",1,1,"Monitor - light engagement, add to watchlist"
Salisu Sani,https://linkedin.com/in/salisu-sani-579152231,Founder Prop Firm Union | Building Transparent Pathways for Traders to Top Prop Firms & Brokers.,PropFirmUnion,Primary persona: CMO/business leader (executive/founder/PM role match: '\bfounder\b'),1,1,"Monitor - light engagement, add to watchlist"
Ed Leon Klinger,,CEO at Flock: connected insurance for commercial motor fleets,,Primary persona: CMO/business leader (executive/founder/PM role match: '\bceo\b'),1,1,"Monitor - light engagement, add to watchlist"
Naufal Hakim,,Senior IT Manager / IT Product Manager CMS Solution at P&G,,Primary persona: CMO/business leader (executive/founder/PM role match: '\bproduct manager\b'),1,1,"Monitor - light engagement, add to watchlist"
Rozanne S.,https://linkedin.com/in/rstoman,"enterprise capability builder | brings ideas and programs to life | GTM, digital transformation and governance",,Primary persona: builder (product/ops/marketing/GTM role match: 'builder'),1,1,"Monitor - light engagement, add to watchlist"
Simran T.,,Software Engineering + Human-Computer Interaction Alum @ UWaterloo,,Primary persona: developer (engineering role/title match: 'software engineering'),1,1,"Monitor - light engagement, add to watchlist"
Victor Castell,,"Co-Founder and CTO, Katara AI · Governed AI platform for regulated organizations · Web3 Advisor",,Secondary persona: technical leader (role/title match: '\bcto\b'),1,1,"Monitor - light engagement, add to watchlist"
Vahid Kowsari,,Experienced Healthtech Founder & Leader. CTO/Fractional CTO. Technical Advisor,,Secondary persona: technical leader (role/title match: '\bcto\b'),1,1,"Monitor - light engagement, add to watchlist"
Heidi Isern,,Retail Tech Exec | SVP Product Marketing | Startup Advisor | Writer,,Primary persona: builder (product/ops/marketing/GTM role match: 'product marketing'),1,1,"Monitor - light engagement, add to watchlist"
Peter Edgar,,CFO @ Patchworks 🚀 Ecom critical infrastructure SaaS.,,Primary persona: CMO/business leader (executive/founder/PM role match: '\bcfo\b'),1,1,"Monitor - light engagement, add to watchlist"
Jim James,https://linkedin.com/in/jimajames,Podcast Host | Author | [AI] Consultant,Trowbridge Chamber,"Primary persona: CMO/business leader (executive/founder/PM role match: '\bmanaging director\b'), geography in ICP range (EU)",1,1,"Monitor - light engagement, add to watchlist"
Jeremiah Olufayo,,Software Engineering Manager | Building high-performing engineering teams | Backend Software Developer,,Primary persona: developer (engineering role/title match: 'software engineering'),1,1,"Monitor - light engagement, add to watchlist"
Ana Maria Romero,,Investment Advisory Manager - Expert in Foreign Direct Investment Consultancy - Costa Rica Business Advisory Services and business development,,Primary persona: CMO/business leader (executive/founder/PM role match: '\bbusiness development\b'),1,1,"Monitor - light engagement, add to watchlist"
Maria Martin,,Product Manager,,Primary persona: CMO/business leader (executive/founder/PM role match: '\bproduct manager\b'),1,1,"Monitor - light engagement, add to watchlist"
Luique Cruz,,Lead Frontend Developer | Technical Product Owner at Caravel,,Primary persona: developer (engineering role/title match: 'developer'),1,1,"Monitor - light engagement, add to watchlist"
Jen Weaver,,Helping B2B SaaS companies improve marketing-driven pipeline velocity without additional spend | Founder Feline Good Cat Rescue | Agile Scrum Master,,Primary persona: CMO/business leader (executive/founder/PM role match: '\bfounder\b'),1,1,"Monitor - light engagement, add to watchlist"
Robyn Moore,,Software Engineer & Former Educator | Bridging Technology and Education through Development and Strategic Planning | Passionate about UI Automation and Continuous Delivery,,Primary persona: developer (engineering role/title match: 'software engineer'),1,1,"Monitor - light engagement, add to watchlist"
Amstrong Monachello,,Senior Frontend Engineer,,Primary persona: developer (engineering role/title match: 'frontend engineer'),1,1,"Monitor - light engagement, add to watchlist"
Cassel S.,,Founder Soft Tech Group |Tech Podcaster | Senior Member at IEEE | Building Terra AI,,Primary persona: CMO/business leader (executive/founder/PM role match: '\bfounder\b'),1,1,"Monitor - light engagement, add to watchlist"
Mehdi Goodarzi,,Chief AI Officer | AI Revenue Builder | PE Portfolio Transformation | Sovereign AI | Google Cloud · NVIDIA · AWS . Microsoft | Board & C-Suite Advisory,,Secondary persona: technical leader (role/title match: '\bchief ai officer\b'),1,1,"Monitor - light engagement, add to watchlist"
Sumon Sadhu,,"Founder | Angel Investor in Global Companies (70+, 7x🦄) | Oxford, Imperial, YC W08 | Arsenal Season Ticket Holder",,Primary persona: CMO/business leader (executive/founder/PM role match: '\bfounder\b'),1,1,"Monitor - light engagement, add to watchlist"
Matheus Fernandes,,Principal Engineer at Vercel,,Primary persona: developer (engineering role/title match: 'principal engineer'),1,1,"Monitor - light engagement, add to watchlist"
Anastasiia Braslavetc,,Real Estate Investor/ Builder,,Primary persona: builder (product/ops/marketing/GTM role match: 'builder'),1,1,"Monitor - light engagement, add to watchlist"
Bogdan Constantinescu,,Chief of Staff | IBM · Siemens · Amber | Mentor & Coach,,Primary persona: CMO/business leader (executive/founder/PM role match: '\bchief of staff\b'),1,1,"Monitor - light engagement, add to watchlist"
Mukul Pal,https://linkedin.com/in/mukul033,software engineer,,Primary persona: developer (engineering role/title match: 'software engineer'),1,1,"Monitor - light engagement, add to watchlist"
Colin Prise,,Customer Success Expert at TruckIT,,Primary persona: builder (product/ops/marketing/GTM role match: 'customer success'),1,1,"Monitor - light engagement, add to watchlist"
Manjot Singh,,Senior Software Developer @ Manifest | Building Scalable Software Solutions,,Primary persona: developer (engineering role/title match: 'software developer'),1,1,"Monitor - light engagement, add to watchlist"
Natwar Maheshwari,,"Head of Marketing, Namespace",,Primary persona: CMO/business leader (executive/founder/PM role match: '\bhead of marketing\b'),1,1,"Monitor - light engagement, add to watchlist"
Jon Steinberg,,Chief Revenue Officer,,Primary persona: CMO/business leader (executive/founder/PM role match: '\bchief revenue officer\b'),1,1,"Monitor - light engagement, add to watchlist"
Mayya Sharipova,,"Software Engineer, Search at Elastic",,Primary persona: developer (engineering role/title match: 'software engineer'),1,1,"Monitor - light engagement, add to watchlist"
Katharina Luger,,Product Manager at Sitecore,,Primary persona: CMO/business leader (executive/founder/PM role match: '\bproduct manager\b'),1,1,"Monitor - light engagement, add to watchlist"
Michelle Greer,https://linkedin.com/in/michellegreer,Product Marketing,Infracost,"Primary persona: builder (product/ops/marketing/GTM role match: 'product marketing'), company size in ICP range (11-50), geography in ICP range (US)",1,1,"Monitor - light engagement, add to watchlist"
Frederik Vembye,,Med over 20 softwareprojekter i rygsækken er jeg klar til at hjælpe jer i mål med jeres digitale transformation | External CTO & Tech Strategist | Lead @ Vembyte | Founder @ declo.io,,Secondary persona: technical leader (role/title match: '\bcto\b'),1,1,"Monitor - light engagement, add to watchlist"
Imad Gmira,,"Former GM EMEA @ Veeva Systems | Enterprise SaaS & AI Executive | Revenue Growth, GTM & Customer Success Transformation | Advisor to B2B Tech & PE-backed Companies",,Primary persona: builder (product/ops/marketing/GTM role match: 'customer success'),1,1,"Monitor - light engagement, add to watchlist"
Zouhair Rouika,,"Full Stack Engineer (FE Heavy) @ Vueschool.io | Co-creation, Web Development",,Primary persona: developer (engineering role/title match: 'full stack engineer'),1,1,"Monitor - light engagement, add to watchlist"
Jake Toepel,https://linkedin.com/in/jaketoepel,"Partner, GTM Engineering and Technology @ LeanScale",LeanScale,"Primary persona: developer (engineering role/title match: 'developer'), geography in ICP range (US)",1,1,"Monitor - light engagement, add to watchlist"
Nityashree Yadunath,,Product Marketing at Scalekit | Auth Stack for AI Apps,,Primary persona: builder (product/ops/marketing/GTM role match: 'product marketing'),1,1,"Monitor - light engagement, add to watchlist"
Emma Tracey,,Founder | CultRepo & Moat,,Primary persona: CMO/business leader (executive/founder/PM role match: '\bfounder\b'),1,1,"Monitor - light engagement, add to watchlist"
Phil Kim,,"GM, AI Platform Biz Dev & Strategy @ Microsoft",,Primary persona: CMO/business leader (executive/founder/PM role match: '\bbiz dev\b'),1,1,"Monitor - light engagement, add to watchlist"
asma mir,,Frontend Engineer,,Primary persona: developer (engineering role/title match: 'frontend engineer'),1,1,"Monitor - light engagement, add to watchlist"
Joe Webber,,Chief Product Officer at Good Growth | Tech Veteran,,Primary persona: CMO/business leader (executive/founder/PM role match: '\bchief product\b'),1,1,"Monitor - light engagement, add to watchlist"
Gabriel Dillon,https://linkedin.com/in/gabrieldillon,"GTM Lead, Personalization at Contentful | Partner & Ecosystem Strategy | Cloud, Data & AI-Native Tech | YC Alum (W15)",,Primary persona: CMO/business leader (executive/founder/PM role match: '\bgtm lead\b'),1,1,"Monitor - light engagement, add to watchlist"
Nishanth Babu,,Product Management & Leadership,,Primary persona: CMO/business leader (executive/founder/PM role match: '\bproduct management\b'),1,1,"Monitor - light engagement, add to watchlist"
Lydia Bordnick,https://linkedin.com/in/lydia-bordnick,Director of Technical Operations & Data Integrity at Angle Health | Healthcare EDI Architect | Former Software Developer | TPA Systems Integration,,Primary persona: developer (engineering role/title match: 'software developer'),1,1,"Monitor - light engagement, add to watchlist"
Graham Woodall,,Executive Managing Director at Newmark,,Primary persona: CMO/business leader (executive/founder/PM role match: '\bmanaging director\b'),1,1,"Monitor - light engagement, add to watchlist"
Gianmarco Gagliardi,,Full Stack Developer,,Primary persona: developer (engineering role/title match: 'developer'),1,1,"Monitor - light engagement, add to watchlist"
Jean-Nicolas Gauthier,https://linkedin.com/in/jeannicolasgauthier,Founder & CEO @ Sengo.com,,Primary persona: CMO/business leader (executive/founder/PM role match: '\bfounder\b'),1,1,"Monitor - light engagement, add to watchlist"
Oleksii Klochai,https://linkedin.com/in/oklochai,technical content marketing + advertising | founder at wizard on demand,Wizard on Demand,"Primary persona: CMO/business leader (executive/founder/PM role match: '\bfounder\b'), geography in ICP range (EU)",1,1,"Monitor - light engagement, add to watchlist"
Jacob Counsell,,"Product designer, frontend architect, father, and founder of LaunchChair.io 🚀",,Primary persona: CMO/business leader (executive/founder/PM role match: '\bfounder\b'),1,1,"Monitor - light engagement, add to watchlist"
Fredrik Björk,,Recharging batteries before the next thing | Previously CEO at Grafbase and CTO at The RealReal,,Secondary persona: technical leader (role/title match: '\bcto\b'),1,1,"Monitor - light engagement, add to watchlist"
Joseph J.,https://linkedin.com/in/joejohnston1989,Co-Founder at Budibase,Budibase,"Primary persona: CMO/business leader (executive/founder/PM role match: '\bfounder\b'), geography in ICP range (EU)",1,1,"Monitor - light engagement, add to watchlist"
Christian O.,,Senior Front-end developer / Open Sourcerer,,Primary persona: developer (engineering role/title match: 'developer'),1,1,"Monitor - light engagement, add to watchlist"
Maya Shavin,,Staff Software Engineer Salesforce | ex-Microsoft | OReilly author | Speaker about AI | Web | Accessibility | GDE,,Primary persona: developer (engineering role/title match: 'software engineer'),1,1,"Monitor - light engagement, add to watchlist"
Visakan Kirubakaran,https://linkedin.com/in/viskirubakaran,"Software Developer | JavaScript/TypeScript, Java, Python | Building software applications | Continuous learner",,Primary persona: developer (engineering role/title match: 'software developer'),1,1,"Monitor - light engagement, add to watchlist"
Jeff Moss,https://linkedin.com/in/jeff-moss-ep,Playbooks for Expanding & Retaining Customers | 75+ SaaS Companies Served | Helping Customer facing reps & leaders | Founder @ Expansion Playbooks,Expansion Playbooks,"Primary persona: CMO/business leader (executive/founder/PM role match: '\bfounder\b'), geography in ICP range (US)",1,1,"Monitor - light engagement, add to watchlist"
Fredrik Bergenlid,https://linkedin.com/in/fredrikbergenlid,Partner @ Fly Ventures | Early-Stage Investing,Fly Ventures,"Primary persona: developer (engineering role/title match: 'software engineer'), geography in ICP range (EU)",1,1,"Monitor - light engagement, add to watchlist"
Tushar Shelake,,"Creatio CRM Developer | C#, .NET, JavaScript, SQL | Building Intelligent Business Solutions with Low-Code, No-Code & AI | Specialized in Angular, React.JS | Actively Seeking New Opportunities",,Primary persona: developer (engineering role/title match: 'developer'),1,1,"Monitor - light engagement, add to watchlist"
Martin Paton,,Chief Technology Officer @ CreateFuture | Leading Tech & AI Innovation,,Secondary persona: technical leader (role/title match: '\bchief technology officer\b'),1,1,"Monitor - light engagement, add to watchlist"
Akshara Hegde oss/acc,,Senior Full-Stack Developer at FluidStructure and Maintainer for Django JET Calm (OSS),,Primary persona: developer (engineering role/title match: 'developer'),1,1,"Monitor - light engagement, add to watchlist"
Jesse Robbins,,"Founder, Investor, Advisor | AI, DevTools, Infra",,Primary persona: CMO/business leader (executive/founder/PM role match: '\bfounder\b'),1,1,"Monitor - light engagement, add to watchlist"
Michael Rochette,,"Senior Software Engineer, Front-end",,Primary persona: developer (engineering role/title match: 'software engineer'),1,1,"Monitor - light engagement, add to watchlist"
Klaus-M. Schremser,https://linkedin.com/in/klausmschremser,"Otterly.AI 🦦 (Co-Founder) | GEO, AIO, GAIO, AEO, AI, Ex-SEO enthusiast | Climate Rebel",,Primary persona: CMO/business leader (executive/founder/PM role match: '\bfounder\b'),1,1,"Monitor - light engagement, add to watchlist"
AMAAN SARFARAZ,,Software Developer,,Primary persona: developer (engineering role/title match: 'software developer'),1,1,"Monitor - light engagement, add to watchlist"
Artur Fridberg,,CEO and Co-Founder at JetRails,,Primary persona: CMO/business leader (executive/founder/PM role match: '\bfounder\b'),1,1,"Monitor - light engagement, add to watchlist"
Carol Carpenter,,"Chief Marketing Officer, Cohesity",,Primary persona: CMO/business leader (executive/founder/PM role match: '\bchief marketing officer\b'),1,1,"Monitor - light engagement, add to watchlist"
Eduardo Zanotto,,CTO | Founding Software Engineer @ WODMotions | Clojure | SQL | Machine Learning | AWS,,Primary persona: developer (engineering role/title match: 'software engineer'),1,1,"Monitor - light engagement, add to watchlist"
Elizabeth Hudson,,"Provost, Senior Vice President of Academic Affairs, Illinois Institute of Technology",,Primary persona: CMO/business leader (executive/founder/PM role match: '\bpresident\b'),1,1,"Monitor - light engagement, add to watchlist"
Pranay Gawli,https://linkedin.com/in/pranay-gawli-1824831b4,Solving Problems For Businesses,TEBillion,Primary persona: builder (product/ops/marketing/GTM role match: 'customer success'),1,1,"Monitor - light engagement, add to watchlist"
Hamza Varvani,,Head of Engineering @Zown | Full Stack Software Engineer | Blockchain Full Stack Software Engineer | Machine Learning,,Primary persona: developer (engineering role/title match: 'software engineer'),1,1,"Monitor - light engagement, add to watchlist"
Randall Kent,https://linkedin.com/in/randallkent,People-Oriented & Results-Driven Catalyst,,"Primary persona: developer (engineering role/title match: 'developer'), geography in ICP range (US)",1,1,"Monitor - light engagement, add to watchlist"
Banashankar Veerad,,Engineering Manager @ Oracle,,Primary persona: developer (engineering role/title match: 'engineering manager'),1,1,"Monitor - light engagement, add to watchlist"
Lancelot M.,,"Director, Product Marketing | X-Google, Okta",,Primary persona: builder (product/ops/marketing/GTM role match: 'product marketing'),1,1,"Monitor - light engagement, add to watchlist"
Alex Sekowski,https://linkedin.com/in/aleksandersekowski,Staff Software Engineer @ Samsung Ads,,Primary persona: developer (engineering role/title match: 'software engineer'),1,1,"Monitor - light engagement, add to watchlist"
Marko Milardic,,Founder · Domar.app — operations software for retirement homes,,Primary persona: CMO/business leader (executive/founder/PM role match: '\bfounder\b'),1,1,"Monitor - light engagement, add to watchlist"
Sushant Shinde,https://linkedin.com/in/sushant-shinde,"CEO & Co-Founder @ Enerscript | SaaS, Custom Software Development",,Primary persona: CMO/business leader (executive/founder/PM role match: '\bfounder\b'),1,1,"Monitor - light engagement, add to watchlist"
Anthony Gore,https://linkedin.com/in/anthonygore,Full-stack web developer ◆ Founder ◆ Author of “Full-Stack Vue 2 and Laravel 5” (Packt),,Primary persona: developer (engineering role/title match: 'developer'),1,1,"Monitor - light engagement, add to watchlist"
Francesco Ciulla,https://linkedin.com/in/francesco-ciulla-roma,Head of Developer Relations Engineer at Zerops,,"Primary persona: developer (engineering role/title match: 'developer'), geography in ICP range (EU)",1,1,"Monitor - light engagement, add to watchlist"
Marc Stracuzza,,President at Otto Connect | Product Leader,,Primary persona: CMO/business leader (executive/founder/PM role match: '\bpresident\b'),1,1,"Monitor - light engagement, add to watchlist"
Nick Nagatkin,https://linkedin.com/in/nicknagatkin,"Exited Founder (Digis → Fiverr, NYSE:FVRR) | Building next AI venture (stealth) | Forbes 30U30",,Primary persona: CMO/business leader (executive/founder/PM role match: '\bfounder\b'),1,1,"Monitor - light engagement, add to watchlist"
Anne-Charlotte Philbert,,Managing Director - Eurazeo Growth,,Primary persona: CMO/business leader (executive/founder/PM role match: '\bmanaging director\b'),1,1,"Monitor - light engagement, add to watchlist"
Tom Cranstoun,,"Founder, The Gathering | Machine Experience (MX) — metadata that helps machines understand your file data",,Primary persona: CMO/business leader (executive/founder/PM role match: '\bfounder\b'),1,1,"Monitor - light engagement, add to watchlist"
Santo Khan,,Full Stack Web Developer,,Primary persona: developer (engineering role/title match: 'developer'),1,1,"Monitor - light engagement, add to watchlist"
Michiel Voortman,https://linkedin.com/in/michiel-voortman,"Building boxd | Agents deserve real computers, not sandboxes | Co-Founder https://www.linkedin.com/redir/suspicious-page?url=boxd%2esh",,Primary persona: CMO/business leader (executive/founder/PM role match: '\bfounder\b'),1,1,"Monitor - light engagement, add to watchlist"
Gaurav Singh,,"Helping enterprises build their AI and run it in production. Founder and CEO at Parkar, building AIONIQ.",,Primary persona: CMO/business leader (executive/founder/PM role match: '\bfounder\b'),1,1,"Monitor - light engagement, add to watchlist"
Alanna Laforet,,"Founder, Stealth Startup - AI Regulation and compliance",,Primary persona: CMO/business leader (executive/founder/PM role match: '\bfounder\b'),1,1,"Monitor - light engagement, add to watchlist"
Kemal Cholovich,,"🟡 Data & AI Architect | Data Engineer | Contractor, Google Cloud Community Organizer 🟢 Engineering Community Builder",,Primary persona: developer (engineering role/title match: 'data engineer'),1,1,"Monitor - light engagement, add to watchlist"
Kunal Singh,,"Staff Software Engineer - Zendesk | Ex Freshworks, Clevertap | Javascript | React | Vue | Nextjs | Node | CSS | Agentic AI | SaaS Enthusiast | AWS Cloud Practitioner | Frontend | Fullstack",,Primary persona: developer (engineering role/title match: 'software engineer'),1,1,"Monitor - light engagement, add to watchlist"
Anna Pleshakova,,"Group Product Manager | Ex-Bloomberg, Gartner",,Primary persona: CMO/business leader (executive/founder/PM role match: '\bproduct manager\b'),1,1,"Monitor - light engagement, add to watchlist"
Jose Francisco Herrera Hernandez,,Senior Frontend Engineer,,Primary persona: developer (engineering role/title match: 'frontend engineer'),1,1,"Monitor - light engagement, add to watchlist"
"Estefanía Abello Plata, CFA",,Circular Economy | VC | Female Co-Founder | Sustainability,,Primary persona: CMO/business leader (executive/founder/PM role match: '\bfounder\b'),1,1,"Monitor - light engagement, add to watchlist"
Abhishek Dadhich,,Head of Engineering @ Service NSW | Leading Software Engineering Teams,,Primary persona: developer (engineering role/title match: 'software engineering'),1,1,"Monitor - light engagement, add to watchlist"
Antonija Bilic Arar,,Developer Marketer & Content Strategist,,Primary persona: developer (engineering role/title match: 'developer'),1,1,"Monitor - light engagement, add to watchlist"
Sudeep S D,https://linkedin.com/in/sudeepsd,Building Flexprice • Prev. @Accenture | Polymath 👾 — Alum @10kdesigners ✧ Exploring all things AI,Flexprice,Primary persona: builder (product/ops/marketing/GTM role match: 'builder'),1,1,"Monitor - light engagement, add to watchlist"
Jarek Ceborski,,"Designer turned founder, Kerlig.com & LocalCan.com",,Primary persona: CMO/business leader (executive/founder/PM role match: '\bfounder\b'),1,1,"Monitor - light engagement, add to watchlist"
Jeroen Fürst,,Kentico MVP | Digital Experience Architect | Vibe Coder at TrueLime,,Primary persona: developer (engineering role/title match: 'coder'),1,1,"Monitor - light engagement, add to watchlist"
Jen Dewalt,,Founder at Zube,,Primary persona: CMO/business leader (executive/founder/PM role match: '\bfounder\b'),1,1,"Monitor - light engagement, add to watchlist"
Kostiantyn Sokolinskyi,,Head of Technology @Repliers | Mobile Advisory Board Member @DevNetwork,,Secondary persona: technical leader (role/title match: '\bhead of technology\b'),1,1,"Monitor - light engagement, add to watchlist"
Halil İbrahim Erçelik,,Senior Software Developer,,Primary persona: developer (engineering role/title match: 'software developer'),1,1,"Monitor - light engagement, add to watchlist"
Trishka B.,,Senior Product Manager| CSM | Agile Expert | Edtech | Fintech| SaaS,,Primary persona: CMO/business leader (executive/founder/PM role match: '\bproduct manager\b'),1,1,"Monitor - light engagement, add to watchlist"
Raffi Sarkissian,https://linkedin.com/in/sarkissianraffi,Co-Founder @Lago (YC S21),Lago (YCS21),"Primary persona: CMO/business leader (executive/founder/PM role match: '\bfounder\b'), geography in ICP range (US)",1,1,"Monitor - light engagement, add to watchlist"
Lidia De La Cruz,https://linkedin.com/in/lidiadelacruz,AI/ML Advocate | Technical Enablement for Research & Intelligence | Building Developer Ecosystems | The Resource Plug 🔌,CUNY Tech Prep,"Primary persona: developer (engineering role/title match: 'developer'), geography in ICP range (US)",1,1,"Monitor - light engagement, add to watchlist"
Corey McCarty,,Staff Software Engineer | Hands-On Architecture · Java/AWS at Scale · AI-Native Developer Workflows,,Primary persona: developer (engineering role/title match: 'software engineer'),1,1,"Monitor - light engagement, add to watchlist"
Anton Kravchenko,https://linkedin.com/in/antonkrav4enko,Co-founder & CEO @ Sonora | Building agents for post-sales teams,,Primary persona: CMO/business leader (executive/founder/PM role match: '\bfounder\b'),1,1,"Monitor - light engagement, add to watchlist"
Jimmy Jacobson,,CTO at Codingscape | We help busy executives solve their biggest technology problems.,,Secondary persona: technical leader (role/title match: '\bcto\b'),1,1,"Monitor - light engagement, add to watchlist"
Tim Seager,,3X Co-founder / Product & GTM,,Primary persona: CMO/business leader (executive/founder/PM role match: '\bfounder\b'),1,1,"Monitor - light engagement, add to watchlist"
Michael Lukaszczyk,https://linkedin.com/in/michael-lukaszczyk,Co-Founder @Hygraph,,Primary persona: CMO/business leader (executive/founder/PM role match: '\bfounder\b'),1,1,"Monitor - light engagement, add to watchlist"
Tyler Ipson,,Staff Software Engineer,,Primary persona: developer (engineering role/title match: 'software engineer'),1,1,"Monitor - light engagement, add to watchlist"
Eugenio V.,,"Director of Revenue Operations / GTM Strategy & Automation / Sales, CS & Finance / Alignment Data‑Driven Growth Leader",,Primary persona: builder (product/ops/marketing/GTM role match: 'revenue operations'),1,1,"Monitor - light engagement, add to watchlist"
Marc Thiele,,"Founder and Producer of beyond tellerrand, Co-Founder of Smashing Conference",,Primary persona: CMO/business leader (executive/founder/PM role match: '\bfounder\b'),1,1,"Monitor - light engagement, add to watchlist"
Bilal Adnan,,Trying to make the “learning” life easy for self-taught software engineers. | Founder @ Codeguage,,Primary persona: CMO/business leader (executive/founder/PM role match: '\bfounder\b'),1,1,"Monitor - light engagement, add to watchlist"
Adam Gray,,Senior Solutions Architect at Sanity,,Primary persona: builder (product/ops/marketing/GTM role match: 'solutions architect'),1,1,"Monitor - light engagement, add to watchlist"
Evgeny Tkachenko,,Chief Revenue Officer @ YOUKEEPS | Microsoft Teams & Copilot Native AI Scheduling Assistant,,Primary persona: CMO/business leader (executive/founder/PM role match: '\bchief revenue officer\b'),1,1,"Monitor - light engagement, add to watchlist"
Ashlynn Polini Pericacho,,"Head Of Marketing at Okteto | Previously Docker, Netlify",,Primary persona: CMO/business leader (executive/founder/PM role match: '\bhead of marketing\b'),1,1,"Monitor - light engagement, add to watchlist"
Jason Heung,,Senior Lead Developer at Sunwing,,Primary persona: developer (engineering role/title match: 'developer'),1,1,"Monitor - light engagement, add to watchlist"
Nikolai Ryzhikov,,CTO @ Health Samurai; HealthDev | FHIR | PostgreSQL | Clojure | Agent Engineering. We are limited by time and imagination,,Secondary persona: technical leader (role/title match: '\bcto\b'),1,1,"Monitor - light engagement, add to watchlist"
Andrey Bukati,,CEO & Founder at Fortrest | Previously Founding CTO @ RapidAPI | On a mission to take APIs from Fragile to Agile.,,Secondary persona: technical leader (role/title match: '\bcto\b'),1,1,"Monitor - light engagement, add to watchlist"
Jeffrey Hughes,,"Founder | ForceTechh — Innovating Technology, Empowering the Workforce, Driving Government & Private Sector Success",,Primary persona: CMO/business leader (executive/founder/PM role match: '\bfounder\b'),1,1,"Monitor - light engagement, add to watchlist"
Amar Diyab,,CTO @ Tefora Software Solution | Software Engineer & Mentor | Tech Strategist & Consultant | AI Engineer,,Primary persona: developer (engineering role/title match: 'software engineer'),1,1,"Monitor - light engagement, add to watchlist"
Patrick Sullivan,,Director of Product | HealthTech & Developer Tools | Technical PM bridging engineering and customer value | High Growth and 0:1,,Primary persona: developer (engineering role/title match: 'developer'),1,1,"Monitor - light engagement, add to watchlist"
Jessica Kafle,,Relationship Focused I Customer Success I Account Executive I Saas I B2B,,Primary persona: builder (product/ops/marketing/GTM role match: 'customer success'),1,1,"Monitor - light engagement, add to watchlist"
Satya Gannamanedi,,Software Engineer at Deno,,Primary persona: developer (engineering role/title match: 'software engineer'),1,1,"Monitor - light engagement, add to watchlist"
Franklin Morris,https://linkedin.com/in/franklinmorris,"VP, Marketing | Building KeepTabz.ai | Growth & Brand Marketing Leader for B2B SaaS Startups",KeepTabz,"Primary persona: CMO/business leader (executive/founder/PM role match: '\bfounder\b'), company size in ICP range (11-50), geography in ICP range (US)",1,1,"Monitor - light engagement, add to watchlist"
Jonathan Chikly,,Founder & Tech Lead @ YYT eCommerce agency,,Secondary persona: technical leader (role/title match: '\btech lead\b'),1,1,"Monitor - light engagement, add to watchlist"
Kathrin-Elisabeth Noelle,https://linkedin.com/in/kathrin-elisabeth-noelle-b41499,"Founder HR FUTURE FIT | Organisation, Führung & HR für Strategic Readiness | Executive & Team Coach",,Primary persona: CMO/business leader (executive/founder/PM role match: '\bfounder\b'),1,1,"Monitor - light engagement, add to watchlist"
Huss Malik,,"Platform Engineer | AWS & Azure Specialist | Scaling Enterprise Infrastructure via Kubernetes, Terraform & CI/CD",,Primary persona: developer (engineering role/title match: 'platform engineer'),1,1,"Monitor - light engagement, add to watchlist"
Nino Medina,https://linkedin.com/in/ninomedina,Growth @ Anthropic | Growth Marketing and Demand Gen Advisor | Angel Investor,,Primary persona: builder (product/ops/marketing/GTM role match: 'growth marketing'),1,1,"Monitor - light engagement, add to watchlist"
David Carrero Fernández-Baillo,https://linkedin.com/in/dcarrero,Cofundador y VP Sales in Stackscale | Proxmox Virtual Environment,,Primary persona: CMO/business leader (executive/founder/PM role match: '\bvp sales\b'),1,1,"Monitor - light engagement, add to watchlist"
Richard Keith Latman,,Founder and Chief Executive Officer - voAIce Corporation,,Primary persona: CMO/business leader (executive/founder/PM role match: '\bfounder\b'),1,1,"Monitor - light engagement, add to watchlist"
Angad Talwar,,Senior Software Engineer @ Snowflake,,Primary persona: developer (engineering role/title match: 'software engineer'),1,1,"Monitor - light engagement, add to watchlist"
Jens-Otto Horslund,,CEO DenmarkBridge,,Primary persona: CMO/business leader (executive/founder/PM role match: '\bceo\b'),1,1,"Monitor - light engagement, add to watchlist"
Sameer Kamat,,"CEO | PE-Backed B2B SaaS Operator | Value creation, AI transformation, Scaling, M&A Integration & Exits | ARR growth, EBITDA expansion, build winning teams | Investor and Advisor",,Primary persona: CMO/business leader (executive/founder/PM role match: '\bceo\b'),1,1,"Monitor - light engagement, add to watchlist"
Eyal Manor,,"Entrepreneur @ Norwest Ventures, previously Google VP/GM",,Primary persona: CMO/business leader (executive/founder/PM role match: '\bentrepreneur\b'),1,1,"Monitor - light engagement, add to watchlist"
Phil Hawksworth,https://linkedin.com/in/philhawksworth,Developer Relations at Deno,,Primary persona: developer (engineering role/title match: 'developer'),1,1,"Monitor - light engagement, add to watchlist"
Manpreet Sidhu,,Helping US Businesses Grow Online | SEO/AEO Strategist | GEO (Generative Engine Optimization) | Founder @NFA Marketing Solutions LLP,,Primary persona: CMO/business leader (executive/founder/PM role match: '\bfounder\b'),1,1,"Monitor - light engagement, add to watchlist"
Sean Wani,,"Part time GC, angel investor and vibe coder.",,Primary persona: developer (engineering role/title match: 'coder'),1,1,"Monitor - light engagement, add to watchlist"
Johan Hjelm,,"Founder & CEO — Architecting the grid of the future powered by renewable energy, resilience and decentralization.",,Primary persona: CMO/business leader (executive/founder/PM role match: '\bfounder\b'),1,1,"Monitor - light engagement, add to watchlist"
Peter Skillman,,Global Head of Design for Philips | Board Member at BNO,,Primary persona: CMO/business leader (executive/founder/PM role match: '\bboard member\b'),1,1,"Monitor - light engagement, add to watchlist"
Mahmudul Hasan,,Software Engineer,,Primary persona: developer (engineering role/title match: 'software engineer'),1,1,"Monitor - light engagement, add to watchlist"
Chisom Emmanuel,,"Customer Success for SaaS | Reduce Churn, Increase Retention & ARR | Onboarding to Expansion",,Primary persona: builder (product/ops/marketing/GTM role match: 'customer success'),1,1,"Monitor - light engagement, add to watchlist"
"Eunice Ikem, ACIM",,Product Marketing | Influencer Marketing | Social & Brand Storyteller #SeenItRatedIt,,Primary persona: builder (product/ops/marketing/GTM role match: 'product marketing'),1,1,"Monitor - light engagement, add to watchlist"
Kishore Kumar Andra,,Software Developer | Web | JavaScript,,Primary persona: developer (engineering role/title match: 'software developer'),1,1,"Monitor - light engagement, add to watchlist"
Säde Tiger,,Co-Founder @ Selekt | Master of Arts - MA,,Primary persona: CMO/business leader (executive/founder/PM role match: '\bfounder\b'),1,1,"Monitor - light engagement, add to watchlist"
Florian Wartner,,Coffee. Code. Digitalization. Founder of Pixel & Process. Driving digital transformation with automation solutions.,,Primary persona: CMO/business leader (executive/founder/PM role match: '\bfounder\b'),1,1,"Monitor - light engagement, add to watchlist"
Scott Berg,,10X CEO Coach and Board Member,,Primary persona: CMO/business leader (executive/founder/PM role match: '\bceo\b'),1,1,"Monitor - light engagement, add to watchlist"
Shardul Pandey,,"I help eCommerce brands increase conversions & revenue | Shopify, CRO & AI SEO",,Primary persona: CMO/business leader (executive/founder/PM role match: '\bcro\b'),1,1,"Monitor - light engagement, add to watchlist"
Max Beech,,"Founder @ OpenHelm.ai, Remery.ai | ex-Yahoo, ex-Revolut",,Primary persona: CMO/business leader (executive/founder/PM role match: '\bfounder\b'),1,1,"Monitor - light engagement, add to watchlist"
Tigran Egiazarov,,"Vice President, Analyst at Gartner | MBA | Empower leaders to deliver modern AI solutions | ex Oracle, ex Visa, ex Airwallex",,Primary persona: CMO/business leader (executive/founder/PM role match: '\bpresident\b'),1,1,"Monitor - light engagement, add to watchlist"
Leonid Ardaev,,"AI Builder | Product & BA | Ardaev.Pro | E-com, O&G, HRTech, Retail",,Primary persona: builder (product/ops/marketing/GTM role match: 'builder'),1,1,"Monitor - light engagement, add to watchlist"
Thomas Schiavone,,CEO @ Courier,,Primary persona: CMO/business leader (executive/founder/PM role match: '\bceo\b'),1,1,"Monitor - light engagement, add to watchlist"
Bandar El-Eita,https://linkedin.com/in/beleita,"VP, Head of Marketing | Product Marketing, AI and IoT Solutions",Nirvana Insurance,"Primary persona: builder (product/ops/marketing/GTM role match: 'product marketing'), geography in ICP range (US)",1,1,"Monitor - light engagement, add to watchlist"
Emil Sorensen,,CEO @ kapa.ai | Building AI for complex technical products,,Primary persona: CMO/business leader (executive/founder/PM role match: '\bceo\b'),1,1,"Monitor - light engagement, add to watchlist"
Mike Lee,,Software Engineer @ Seller Suite | Web Developer @ Devmike.io,,Primary persona: developer (engineering role/title match: 'software engineer'),1,1,"Monitor - light engagement, add to watchlist"
Adam R.,,Software Engineer at Google,,Primary persona: developer (engineering role/title match: 'software engineer'),1,1,"Monitor - light engagement, add to watchlist"
Allison Paz,,Co-founder & Chief Operating Officer at Nicklpass - Get access to news & information.,,Primary persona: CMO/business leader (executive/founder/PM role match: '\bfounder\b'),1,1,"Monitor - light engagement, add to watchlist"
Aleksandr Vlasov,,"Engineering Manager | Solution Architect | Team Lead | Tech Lead | AI | Automation | Node.js, GoLang, AWS",,Primary persona: developer (engineering role/title match: 'engineering manager'),1,1,"Monitor - light engagement, add to watchlist"
Anton Jerald J,,"Quality Engineering Manager | Test Automation, Playwright, Selenium, API & CI/CD | QA Leadership & Hands-On Engineering | Ex-Dialpad | Open to Global Opportunities & Visa Sponsorship",,Primary persona: developer (engineering role/title match: 'engineering manager'),1,1,"Monitor - light engagement, add to watchlist"
Anna (Iouliana) Litou,,Security Engineer · PhD | AI Integrity | Trust & Safety | Meta · IBM,,Primary persona: developer (engineering role/title match: 'security engineer'),1,1,"Monitor - light engagement, add to watchlist"
Lukas Holzer,,Co-Founder Straion | Empowering Coding Agents to Understand Your Company 🤖 | Former Netlify & Dynatrace | Driving the Future of AI-Assisted Engineering 🚀,,Primary persona: CMO/business leader (executive/founder/PM role match: '\bfounder\b'),1,1,"Monitor - light engagement, add to watchlist"
Rolf Djernaes,,Freelance Digital Marketing & Growth Manager with 15+ years of experience.,,Primary persona: builder (product/ops/marketing/GTM role match: 'growth manager'),1,1,"Monitor - light engagement, add to watchlist"
Nalin Raj Gupta,,"Principal Software Engineering Manager @ Microsoft | Cloud Platforms, Distributed Systems & AI-Powered Automation | Building High-Impact Engineering Teams",,Primary persona: developer (engineering role/title match: 'software engineering'),1,1,"Monitor - light engagement, add to watchlist"
"Zara Hemmatian, Ph.D., MSc, MEng.",https://linkedin.com/in/zahra-hemmatian-ph-d-8b950b29,Next-Generation Drug Design and Discovery,MarWell Bio Inc.,"Primary persona: CMO/business leader (executive/founder/PM role match: '\bfounder\b'), geography in ICP range (US)",1,1,"Monitor - light engagement, add to watchlist"
Andrei Pitis,https://linkedin.com/in/andreipitis,Co-Founder & CEO at Genezio,,Primary persona: CMO/business leader (executive/founder/PM role match: '\bfounder\b'),1,1,"Monitor - light engagement, add to watchlist"
Wilson Fraser,,Helping you drop the mask to start feeling alive again | Head of Growth | Enterprise Seller,,Primary persona: CMO/business leader (executive/founder/PM role match: '\bhead of growth\b'),1,1,"Monitor - light engagement, add to watchlist"
Sergio Hernandez,,Director Of Technology at ctrl QS,,Secondary persona: technical leader (role/title match: '\bdirector of technology\b'),1,1,"Monitor - light engagement, add to watchlist"
Jean-Nicolas Gauthier,,Founder & CEO @ Sengo.com,,Primary persona: CMO/business leader (executive/founder/PM role match: '\bfounder\b'),1,1,"Monitor - light engagement, add to watchlist"
Matt Youn,https://linkedin.com/in/mattyoun,Senior Solutions Engineer @ Salesforce,,Primary persona: builder (product/ops/marketing/GTM role match: 'solutions engineer'),1,1,"Monitor - light engagement, add to watchlist"
Yash J,,Founder’s Office | Head of Growth | SaaS | B2B | I help startups + operators scale ARR | Shopify specialist | Marketplace Expert,,Primary persona: CMO/business leader (executive/founder/PM role match: '\bhead of growth\b'),1,1,"Monitor - light engagement, add to watchlist"
Dina Apostolou,,CMO of Agentforce Sales at Salesforce,,Primary persona: CMO/business leader (executive/founder/PM role match: '\bcmo\b'),1,1,"Monitor - light engagement, add to watchlist"
Stefan Staudenmeyer,,"Retail tech lead, CEO of for loops. Will code for motorcycle. Every day is leg day.",,Secondary persona: technical leader (role/title match: '\btech lead\b'),1,1,"Monitor - light engagement, add to watchlist"
Raquel Lopez,,Full Stack Developer | Product Focused,,Primary persona: developer (engineering role/title match: 'developer'),1,1,"Monitor - light engagement, add to watchlist"
Emre Sokullu,,"Founder @ WebBrain | previously Grou.ps, RISG",,Primary persona: CMO/business leader (executive/founder/PM role match: '\bfounder\b'),1,1,"Monitor - light engagement, add to watchlist"
Max Beech,https://linkedin.com/in/maxbeech,"Founder @ OpenHelm.ai, Remery.ai | ex-Yahoo, ex-Revolut",,Primary persona: CMO/business leader (executive/founder/PM role match: '\bfounder\b'),1,1,"Monitor - light engagement, add to watchlist"
Danielle Diliberti,,Asset Manager | Business Builder | AI Explorer | Investor | Board Member,,Primary persona: builder (product/ops/marketing/GTM role match: 'builder'),1,1,"Monitor - light engagement, add to watchlist"
Riyana Patel,,Content Marketing at Orb | Product Marketing | GTM,,Primary persona: builder (product/ops/marketing/GTM role match: 'product marketing'),1,1,"Monitor - light engagement, add to watchlist"
Alex dc,https://linkedin.com/in/alexdc1,Chief Architect @ Alexdc.com,,Secondary persona: technical leader (role/title match: '\bchief architect\b'),1,1,"Monitor - light engagement, add to watchlist"
Jason Pan,,"Managing Director, Enterprise Software Credit Solutions",,Primary persona: CMO/business leader (executive/founder/PM role match: '\bmanaging director\b'),1,1,"Monitor - light engagement, add to watchlist"
Vitor Veras,https://linkedin.com/in/vitorverasm,Software Engineer @ Deel,,Primary persona: developer (engineering role/title match: 'software engineer'),1,1,"Monitor - light engagement, add to watchlist"
Alex Sweetser,https://linkedin.com/in/alex-sweetser,Strategic Customer Success | Retention & Growth,,Primary persona: builder (product/ops/marketing/GTM role match: 'customer success'),1,1,"Monitor - light engagement, add to watchlist"
Anders Bo Pedersen,,"Tech Leader | Investor | DeepTech, AI/ML, HPC & Robotics | ex-Meta",,Primary persona: CMO/business leader (executive/founder/PM role match: '\binvestor\b'),1,1,"Monitor - light engagement, add to watchlist"
Scott Gallant,,Founder - Brice.ai,,Primary persona: CMO/business leader (executive/founder/PM role match: '\bfounder\b'),1,1,"Monitor - light engagement, add to watchlist"
Marco Z.,,ML @ Mölnlycke Health Care | Founder,,Primary persona: CMO/business leader (executive/founder/PM role match: '\bfounder\b'),1,1,"Monitor - light engagement, add to watchlist"
Tony Tam,https://linkedin.com/in/tonytam,iCloud at Apple,Apple,"Primary persona: developer (engineering role/title match: 'developer'), geography in ICP range (US)",1,1,"Monitor - light engagement, add to watchlist"
Caitlin. Ferguson,,🌀Embedded Ops with AI-Ready Systems // Board Member // Scaling Founder-led Ventures,,Primary persona: CMO/business leader (executive/founder/PM role match: '\bfounder\b'),1,1,"Monitor - light engagement, add to watchlist"
Maureen Benavides,,"Head of Marketing at 5280 PMO | Driving Growth, Brand Strategy & Demand Generation in Project Management Consulting",,Primary persona: builder (product/ops/marketing/GTM role match: 'demand generation'),1,1,"Monitor - light engagement, add to watchlist"
Tobias Mauel,https://linkedin.com/in/tobiasmauel,Managing Director | 3x Best Agency in Digital Development Emerce100,,Primary persona: CMO/business leader (executive/founder/PM role match: '\bmanaging director\b'),1,1,"Monitor - light engagement, add to watchlist"
Paola Cacciatori,,Audience growth for performing arts | +700K performance benchmarks | Only AI built for the industry | Co-Founder and CCO @ Artelize | Opera Singer,,Primary persona: CMO/business leader (executive/founder/PM role match: '\bfounder\b'),1,1,"Monitor - light engagement, add to watchlist"
Jayden Fisher,,Founder of EARF · Explore the world in real time,,Primary persona: CMO/business leader (executive/founder/PM role match: '\bfounder\b'),1,1,"Monitor - light engagement, add to watchlist"
Hani Abdulfattah,,Founder @ Bludia | SWE @ Green Sport Club,,Primary persona: CMO/business leader (executive/founder/PM role match: '\bfounder\b'),1,1,"Monitor - light engagement, add to watchlist"
Yehonatan Ben Haim,,"Sr. Director, AI & Go-to-Market Automation | Speaker & AI Workshop Facilitator | Driving Growth with AI | N8N | Vibe Coding |",,Primary persona: CMO/business leader (executive/founder/PM role match: '\bgo-to-market\b'),1,1,"Monitor - light engagement, add to watchlist"
Courtney Grove,,Head of Operations at FetchyFox,,Primary persona: builder (product/ops/marketing/GTM role match: 'head of operations'),1,1,"Monitor - light engagement, add to watchlist"
Michael Wheelwright,,Software Engineer | Node.js | JavaScript | TypeScript,,Primary persona: developer (engineering role/title match: 'software engineer'),1,1,"Monitor - light engagement, add to watchlist"
Samuel Snopko,https://linkedin.com/in/samuelsnopko,Head of Product @ Storyblok (founding employee #1) · AI Product Leader · Product & Startup Advisor · Pricing · PLG · Shape Up · Adoption · Solutions Engineer · DevRel · Public Speaker,,Primary persona: developer (engineering role/title match: 'devrel'),1,1,"Monitor - light engagement, add to watchlist"
Granit Krasniqi,,Senior Software Engineer bei Visionary AG | Product-Minded AI Engineer,,Primary persona: developer (engineering role/title match: 'software engineer'),1,1,"Monitor - light engagement, add to watchlist"
Nikhil Mishra,https://linkedin.com/in/nkmishra1997,"Co-founder & CTO @Flexprice | Ship your Monetization Infra in Minutes | ex. Zomato, DCE’19",Flexprice,"Secondary persona: technical leader (role/title match: '\bcto\b'), geography in ICP range (US)",1,1,"Monitor - light engagement, add to watchlist"
Harry Lang,https://linkedin.com/in/mrharrylang,"Somnia CMO | 4 x Author | bwin | Rank Group | Party Casino | Pinnacle | Foxy Bingo | Genting | 
Top 25 Marketing Influencer | Conference Speaker | 100+ Marketing Articles | 
Marketing Unfiltered Newsletter",Somnia,"Primary persona: CMO/business leader (executive/founder/PM role match: '\bcmo\b'), geography in ICP range (EU)",1,1,"Monitor - light engagement, add to watchlist"
Tiago Couto,https://linkedin.com/in/tiagoapscouto,"Designer, Web Developer",Ydeal.net,"Primary persona: developer (engineering role/title match: 'developer'), geography in ICP range (EU)",1,1,"Monitor - light engagement, add to watchlist"
Rozario Chivers,,CTO for innovative A.I. based investment advisory platform,,Secondary persona: technical leader (role/title match: '\bcto\b'),1,1,"Monitor - light engagement, add to watchlist"
Alpay Hasanli,,Software Engineer,,Primary persona: developer (engineering role/title match: 'software engineer'),1,1,"Monitor - light engagement, add to watchlist"
Hugues Tennier,https://linkedin.com/in/huguestennier,Freelance web developer,Hugues Tennier,Primary persona: developer (engineering role/title match: 'developer'),1,1,"Monitor - light engagement, add to watchlist"
harshal patel,,Engineering Manager & Frontend Architect | Scaling UI Platforms for Headless CMS & DXPs | Performance-Driven Systems,,Primary persona: developer (engineering role/title match: 'engineering manager'),1,1,"Monitor - light engagement, add to watchlist"
Levi Robertson,,Software Developer,,Primary persona: developer (engineering role/title match: 'software developer'),1,1,"Monitor - light engagement, add to watchlist"
Jamie Maxfield,,Sales Director/Cyber Security Engineer/Stand-up Comic/Music Lover,,Primary persona: developer (engineering role/title match: 'security engineer'),1,1,"Monitor - light engagement, add to watchlist"
Loren Stewart,,Tech Lead / Sr. Software Engineer,,Primary persona: developer (engineering role/title match: 'software engineer'),1,1,"Monitor - light engagement, add to watchlist"
Lucas Hong Cai,,Co-Founder at Opacity.hr | The all-in-one Pay Transparency platform,,Primary persona: CMO/business leader (executive/founder/PM role match: '\bfounder\b'),1,1,"Monitor - light engagement, add to watchlist"
Adriana T.,,"Building founder communities across Europe | Co-founder @Day Zero | Early-stage, AI & emerging tech",,Primary persona: CMO/business leader (executive/founder/PM role match: '\bfounder\b'),1,1,"Monitor - light engagement, add to watchlist"
Matt Forsyth,https://linkedin.com/in/forsythrda,President & CEO at RDA,,Primary persona: CMO/business leader (executive/founder/PM role match: '\bceo\b'),1,1,"Monitor - light engagement, add to watchlist"
Helen Mason,,Senior EMEA Revenue Leader | University of Cambridge Judge Business School CRO Programme | Currently mapping how culture becomes revenue ⏳,,Primary persona: CMO/business leader (executive/founder/PM role match: '\bcro\b'),1,1,"Monitor - light engagement, add to watchlist"
Muhammad Nasir,,Expert Shopify Developer | Full Stack Developer | Ecommerce Development,,Primary persona: developer (engineering role/title match: 'developer'),1,1,"Monitor - light engagement, add to watchlist"
Kyle Zapcic,,"Forward Deployed Solution Engineer | Sitting at the Intersection of Product, Engineering, and Customer Success",,Primary persona: builder (product/ops/marketing/GTM role match: 'customer success'),1,1,"Monitor - light engagement, add to watchlist"
Michele Salvini,,Engineering Leader | from code to culture | AI • SaaS,,Secondary persona: technical leader (role/title match: '\bengineering leader\b'),1,1,"Monitor - light engagement, add to watchlist"
Ninni Victoria Bergquist,,Senior Frontend Developer @ ARK Bokhandel 🧡,,Primary persona: developer (engineering role/title match: 'developer'),1,1,"Monitor - light engagement, add to watchlist"
Andrew Lindsay,,Tech Executive | Public Company Board Member | Equity Champion | Investor,,Primary persona: CMO/business leader (executive/founder/PM role match: '\bboard member\b'),1,1,"Monitor - light engagement, add to watchlist"
Amanda Vilela,,Frontend Engineer | Web Performance | Driving conversion through UX,,Primary persona: developer (engineering role/title match: 'frontend engineer'),1,1,"Monitor - light engagement, add to watchlist"
Joseph Emison,https://linkedin.com/in/joemastersemison,Cofounder and CTO at Branch Insurance,,Secondary persona: technical leader (role/title match: '\bcto\b'),1,1,"Monitor - light engagement, add to watchlist"
Alex Choy,,Managing Director at HSBC Innovation Banking,,Primary persona: CMO/business leader (executive/founder/PM role match: '\bmanaging director\b'),1,1,"Monitor - light engagement, add to watchlist"
Francois Lanthier Nadeau,https://linkedin.com/in/frankln,"Founder @SaaSpasse — SaaS, startups, stories",,Primary persona: CMO/business leader (executive/founder/PM role match: '\bfounder\b'),1,1,"Monitor - light engagement, add to watchlist"
Ramin Bozorgzadeh,,"CTO & Cofounder at Dupe.com - ex-WeWork, Etsy",,Secondary persona: technical leader (role/title match: '\bcto\b'),1,1,"Monitor - light engagement, add to watchlist"
John Lilly,,Full-Stack Developer | Apple FCU,,Primary persona: developer (engineering role/title match: 'developer'),1,1,"Monitor - light engagement, add to watchlist"
Ali Ndlovu,,Builder|Product Designer,,Primary persona: builder (product/ops/marketing/GTM role match: 'builder'),1,1,"Monitor - light engagement, add to watchlist"
Aruna Basnayake,,CEO at Japan Cloud,,Primary persona: CMO/business leader (executive/founder/PM role match: '\bceo\b'),1,1,"Monitor - light engagement, add to watchlist"
Pratham Kumar,https://linkedin.com/in/prathkum,"I talk about web, AI, API, and social • DevRel APILayer",,Primary persona: developer (engineering role/title match: 'devrel'),1,1,"Monitor - light engagement, add to watchlist"
Dean Phommahaxay,,Software Engineer @ Auror,,Primary persona: developer (engineering role/title match: 'software engineer'),1,1,"Monitor - light engagement, add to watchlist"
Jerome Hardaway,,"Founder, Vets Who Code | Building AI systems that close the opportunity gap for veterans and government",,Primary persona: CMO/business leader (executive/founder/PM role match: '\bfounder\b'),1,1,"Monitor - light engagement, add to watchlist"
Darcy Clarke,,Founder & CEO,,Primary persona: CMO/business leader (executive/founder/PM role match: '\bfounder\b'),1,1,"Monitor - light engagement, add to watchlist"
Brian Hackett,https://linkedin.com/in/brian-hackett-0969a070,CEO at Replay.io,Replay.io,"Primary persona: CMO/business leader (executive/founder/PM role match: '\bceo\b'), company size in ICP range (11-50), geography in ICP range (US)",1,1,"Monitor - light engagement, add to watchlist"
Alexander Mescheryakov,,Senior Frontend Engineer @ Littledata.io | the data layer for Shopify,,Primary persona: developer (engineering role/title match: 'frontend engineer'),1,1,"Monitor - light engagement, add to watchlist"
Dewi Williams,,UX Designer & Developer | integrating tech to help startups grow.,,Primary persona: developer (engineering role/title match: 'developer'),1,1,"Monitor - light engagement, add to watchlist"
Neej Parikh,https://linkedin.com/in/neejp,"Co-founder @ Exordiom | GTM Advisor | ex-CRO @ Applied Intuition, Productiv, Zuora",,Primary persona: CMO/business leader (executive/founder/PM role match: '\bcro\b'),1,1,"Monitor - light engagement, add to watchlist"
Bryan Lewis,,"Product Design Leader ✧ Systems, Product Strategy, AI, Growth ✧ Founder @ Grapple Path ✧ Prev. Vimeo, Mailchimp, Calendly, FullStory",,Primary persona: CMO/business leader (executive/founder/PM role match: '\bfounder\b'),1,1,"Monitor - light engagement, add to watchlist"
Rene W. Schmidt,,Principal Engineer @ Dropbox,,Primary persona: developer (engineering role/title match: 'principal engineer'),1,1,"Monitor - light engagement, add to watchlist"
Aravind Putrevu,,AI Coding | Scaling Dev Tools | Developer GTM,,Primary persona: developer (engineering role/title match: 'developer'),1,1,"Monitor - light engagement, add to watchlist"
Randy Vianda Putra,,Software Engineer | AI | Tech Educator,,Primary persona: developer (engineering role/title match: 'software engineer'),1,1,"Monitor - light engagement, add to watchlist"
Anthony G.,,Expert in helping customers engage with AI | Expert in B2B SaaS Marketing | Certified in Product Marketing | Advocate for Customer-Centric Solutions,,Primary persona: builder (product/ops/marketing/GTM role match: 'product marketing'),1,1,"Monitor - light engagement, add to watchlist"
Leif Anthony Worm,,Sales Manager I Business Developer & Strategist | Marketing Strategist I Leadership & People Manager | Relationship builder,,Primary persona: developer (engineering role/title match: 'developer'),1,1,"Monitor - light engagement, add to watchlist"
Carina Dreiøe,,Digital Commerce & Marketing Director | CMO | Growth hacker | Marketing Transformation,,Primary persona: CMO/business leader (executive/founder/PM role match: '\bcmo\b'),1,1,"Monitor - light engagement, add to watchlist"
Patrick Schulz,,Criador @ Productfy | Product Manager | AI | SaaS | CRO | Engagement | Retention | UX | Psychology | Data,,Primary persona: CMO/business leader (executive/founder/PM role match: '\bcro\b'),1,1,"Monitor - light engagement, add to watchlist"
Gabriel Ramos,,Senior Software Engineer at seQura,,Primary persona: developer (engineering role/title match: 'software engineer'),1,1,"Monitor - light engagement, add to watchlist"
Ilya Pukhalski,https://linkedin.com/in/pukhalski,Founder @ ENDGAME | Technology Strategy & Advisory,,Primary persona: CMO/business leader (executive/founder/PM role match: '\bfounder\b'),1,1,"Monitor - light engagement, add to watchlist"
Klaus Unterkircher,,CEO & Founder @ Bright Global · I build enterprise websites & composable commerce for brands that mean it · Storyblok MVP Builder · Optimizely Partner of the Year · 20+ years,,Primary persona: builder (product/ops/marketing/GTM role match: 'builder'),1,1,"Monitor - light engagement, add to watchlist"
Cole Bosmann,,Staff Software Engineer @ dbt Labs,,Primary persona: developer (engineering role/title match: 'software engineer'),1,1,"Monitor - light engagement, add to watchlist"
Steve Pheley,,"Instructional Designer | eLearning Developer | Technical Content Writer | Helping people adopt the technology that enables them to live, work, and learn",,Primary persona: developer (engineering role/title match: 'developer'),1,1,"Monitor - light engagement, add to watchlist"
Romain Gauthier,,Head of Product @Jahia - Building CMS/DXP for demanding organizations,,Primary persona: CMO/business leader (executive/founder/PM role match: '\bhead of product\b'),1,1,"Monitor - light engagement, add to watchlist"
Victor Desiatkin,,"Senior Frontend Developer | 9+ years experience | React | Redux | Typescript | Next.js | JavaScript | Docker, B2B, B2C, B2E Experience",,Primary persona: developer (engineering role/title match: 'developer'),1,1,"Monitor - light engagement, add to watchlist"
Yuka Masuda,,Software Engineer,,Primary persona: developer (engineering role/title match: 'software engineer'),1,1,"Monitor - light engagement, add to watchlist"
Precious Eric,,"Founder/CEO, The UIB Agency – Full Service Influencer Marketing Agency",,Primary persona: CMO/business leader (executive/founder/PM role match: '\bfounder\b'),1,1,"Monitor - light engagement, add to watchlist"
Isabella Cunningham,,Partner Manager at Auctane,,Primary persona: builder (product/ops/marketing/GTM role match: 'partner manager'),1,1,"Monitor - light engagement, add to watchlist"
Thomas Peham,,"CEO & Co-Founder at OtterlyAI, ex-VP Marketing",,Primary persona: CMO/business leader (executive/founder/PM role match: '\bfounder\b'),1,1,"Monitor - light engagement, add to watchlist"
Chris Eckert,,"Senior Software Engineer — React, TypeScript, Design Systems, AI",,Primary persona: developer (engineering role/title match: 'software engineer'),1,1,"Monitor - light engagement, add to watchlist"
Victor Savkin,,"Creator of Nx, the monorepo platform, and Polygraph, the meta-harness for max agent autonomy. Co-founder & CTO of Nx.",,Secondary persona: technical leader (role/title match: '\bcto\b'),1,1,"Monitor - light engagement, add to watchlist"
Tomasz Sobczyk,,"Architect / Consultant / Technical Leader - Adobe Experience Cloud, AWS",,Secondary persona: technical leader (role/title match: '\btechnical leader\b'),1,1,"Monitor - light engagement, add to watchlist"
Stefan Beuving,,Mede-eigenaar en CTO bij Tourio | Online met offline verbinden,,Secondary persona: technical leader (role/title match: '\bcto\b'),1,1,"Monitor - light engagement, add to watchlist"
Peter Hassaballah,,PSPO | Entrepreneur | Software Engineer,,Primary persona: developer (engineering role/title match: 'software engineer'),1,1,"Monitor - light engagement, add to watchlist"
Barbora Winczerova,,Chief of Staff @ Storyblok,,Primary persona: CMO/business leader (executive/founder/PM role match: '\bchief of staff\b'),1,1,"Monitor - light engagement, add to watchlist"
Greg Osimiri,,CTO @ Ansobert Tech + I help founders and engineers build scalable AI systems + Software Development & ML,,Secondary persona: technical leader (role/title match: '\bcto\b'),1,1,"Monitor - light engagement, add to watchlist"
Saurabh Dhuliya,https://linkedin.com/in/saurabh-dhuliya-808769305,Founder @SelfuneAI | AI Systems Builder | Most AI acts before it thinks. I fix that.,,Primary persona: builder (product/ops/marketing/GTM role match: 'builder'),1,1,"Monitor - light engagement, add to watchlist"
Narayan Sainaney,,Seasoned software engineer with both executive and hands on development roles.,,Primary persona: developer (engineering role/title match: 'software engineer'),1,1,"Monitor - light engagement, add to watchlist"
Liam Rutherford,https://linkedin.com/in/liamrutherford,Senior Creative Developer,LiamR,"Primary persona: developer (engineering role/title match: 'developer'), geography in ICP range (EU)",1,1,"Monitor - light engagement, add to watchlist"
Ustin Zarubin,,Co-Founder and CEO at Streamdal,,Primary persona: CMO/business leader (executive/founder/PM role match: '\bfounder\b'),1,1,"Monitor - light engagement, add to watchlist"
Bikram Gupta,,Builder | PM,,Primary persona: builder (product/ops/marketing/GTM role match: 'builder'),1,1,"Monitor - light engagement, add to watchlist"
Alex Chantavy,,Co-founder & CEO at SubImage (YC W25),,Primary persona: CMO/business leader (executive/founder/PM role match: '\bfounder\b'),1,1,"Monitor - light engagement, add to watchlist"
Vinod Kumar,,"Helping enterprise retailers become AI-native | Commerce intelligence for VP Ecom & Merchandising | CEO, Syntheum AI | Built Demandware → Salesforce Commerce Cloud",,Primary persona: CMO/business leader (executive/founder/PM role match: '\bceo\b'),1,1,"Monitor - light engagement, add to watchlist"
Rick Takes,,"VP of Engineering, Advisor, Mentor",,Secondary persona: technical leader (role/title match: '\bvp of engineering\b'),1,1,"Monitor - light engagement, add to watchlist"
Abhas Bhattacharya,,Senior Software Engineer (UI) at LinkedIn | Earlier at Flipkart | Building with Javascript,,Primary persona: developer (engineering role/title match: 'software engineer'),1,1,"Monitor - light engagement, add to watchlist"
chris brown,https://linkedin.com/in/chris-brown-2327a73b1,AI Automation Consultant | Founder of Albatross AI | Helping businesses replace $500/mo tools with AI workflows,,Primary persona: CMO/business leader (executive/founder/PM role match: '\bfounder\b'),1,1,"Monitor - light engagement, add to watchlist"
Amer Deeba,,CEO and Cofounder,,Primary persona: CMO/business leader (executive/founder/PM role match: '\bcofounder\b'),1,1,"Monitor - light engagement, add to watchlist"
Muhammad Abdullah,,Full Stack Web Developer | PHP | Laravel | WordPress | JavaScript | Next.js | REST APIs,,Primary persona: developer (engineering role/title match: 'developer'),1,1,"Monitor - light engagement, add to watchlist"
Maham Codes,https://linkedin.com/in/mahambatool,DevRel Engineer & Educator | AI Content Developer | Video Creator | Featured Author | Speaker,,Primary persona: developer (engineering role/title match: 'developer'),1,1,"Monitor - light engagement, add to watchlist"
Andrew Carlin,https://linkedin.com/in/andrew-carlin-96a0a4153,"Director of Operations in commercial construction | Founder of Oraql, the free AI Search Readiness audit | Building practical AI tools for operators and founders | BidBriefs / Pith Strategies",,Primary persona: CMO/business leader (executive/founder/PM role match: '\bfounder\b'),1,1,"Monitor - light engagement, add to watchlist"
Zackary Chapple,https://linkedin.com/in/zackarychapple,"Helping people go from code to global scale in seconds, Co-Founder of Zephyr Cloud.",Tauri Programme within The Commons Conservancy,"Primary persona: CMO/business leader (executive/founder/PM role match: '\bfounder\b'), geography in ICP range (US)",1,1,"Monitor - light engagement, add to watchlist"
Nicolas Erlichman,,"CTO at GoGrow | Ruby, Rails | UiPath MVP",,Secondary persona: technical leader (role/title match: '\bcto\b'),1,1,"Monitor - light engagement, add to watchlist"
Diego Rodríguez Baquero,,Software Engineering | AI/ML | Cloud | DevOps | Security,,Primary persona: developer (engineering role/title match: 'software engineering'),1,1,"Monitor - light engagement, add to watchlist"
Jun Han,,"Software Engineer ( 3D, BIM, GIS, AI )",,Primary persona: developer (engineering role/title match: 'software engineer'),1,1,"Monitor - light engagement, add to watchlist"
Diego Serrano,,Software Engineer,,Primary persona: developer (engineering role/title match: 'software engineer'),1,1,"Monitor - light engagement, add to watchlist"
Alexandre Chopin,,"Husband, Father, Entrepreneur and more…",,Primary persona: CMO/business leader (executive/founder/PM role match: '\bentrepreneur\b'),1,1,"Monitor - light engagement, add to watchlist"
Brandon Young,,"Chief Marketing Officer, 6x mktg leader",,Primary persona: CMO/business leader (executive/founder/PM role match: '\bchief marketing officer\b'),1,1,"Monitor - light engagement, add to watchlist"
Omer Rana,,"Backend & ML Engineer | Python, Go, Django, FastAPI | Distributed Systems, Kafka, Cadence | AWS, GCP, Docker, Kubernetes, CI/CD | LLM Integration, RAG, Multi-Stage Agent Pipelines | Building quietly in AI",,Primary persona: developer (engineering role/title match: 'ml engineer'),1,1,"Monitor - light engagement, add to watchlist"
Vamsi Krishna K.,,Engineering Leader at Pinterest,,Secondary persona: technical leader (role/title match: '\bengineering leader\b'),1,1,"Monitor - light engagement, add to watchlist"
Etinosa Enogiomwan,,Frontend developer | Web Developer | App Developer | React | React Native | Typescript | Sass/Scss | Tailwind | Git,,Primary persona: developer (engineering role/title match: 'developer'),1,1,"Monitor - light engagement, add to watchlist"
Nir Cafri,,Co Founder & CEO @ HypnoDreamz | Neuroscience PhD Researcher | Advancing Sleep & Neuromodulation to Make Dreams Reality,,Primary persona: CMO/business leader (executive/founder/PM role match: '\bfounder\b'),1,1,"Monitor - light engagement, add to watchlist"
Cheryl Dopp,,"Data Forward Engineer | Expert Data Modeler | We make your data and AI actionable | Fractional architecture & implementation partners | Founder, AINOW",,Primary persona: CMO/business leader (executive/founder/PM role match: '\bfounder\b'),1,1,"Monitor - light engagement, add to watchlist"
Sascha Ploebst,,"Senior Vice President of Sales @ Storyblok | Leadership, CMS",,Primary persona: CMO/business leader (executive/founder/PM role match: '\bpresident\b'),1,1,"Monitor - light engagement, add to watchlist"
Maurilio Cometto,,"Early-stage Startup Builder, Engineering Leader, Product Strategist, Advisor",,Secondary persona: technical leader (role/title match: '\bengineering leader\b'),1,1,"Monitor - light engagement, add to watchlist"
Sajjad Mohammadi Bandari,,"Senior Software Engineer | PHP, Laravel, REST API",,Primary persona: developer (engineering role/title match: 'software engineer'),1,1,"Monitor - light engagement, add to watchlist"
Ricardo Delgado,,Founder - Painters of War,,Primary persona: CMO/business leader (executive/founder/PM role match: '\bfounder\b'),1,1,"Monitor - light engagement, add to watchlist"
"Sean Huang, MMIE",,AI-Driven Precision for RevOps & GTM Success | YC Alum | Co-founder @Matidor.com,,Primary persona: builder (product/ops/marketing/GTM role match: 'revops'),1,1,"Monitor - light engagement, add to watchlist"
Carmen Cedeño,,"Growth Marketing and Operations Leader | Full-funnel revenue growth across B2B, B2C, and B2B2C | High-performance team builder and culture champion",,Primary persona: builder (product/ops/marketing/GTM role match: 'builder'),1,1,"Monitor - light engagement, add to watchlist"
Sergiy Korolov,https://linkedin.com/in/sergiykorolov,"Co-founder of damn good SaaS products | Mailtrap.io, Coupler.io and TitanApps.io | Co-CEO at Railsware Venture Studio | Total ARR $20M+",,Primary persona: CMO/business leader (executive/founder/PM role match: '\bfounder\b'),1,1,"Monitor - light engagement, add to watchlist"
Dr. Shima Beigi,,"AI-Native Founder & Agentic Systems Builder | Founder, Deep Tools | Building Platforms for VUCA Resilience, Smart City Governance & Sensory Intelligence | PhD in Resilience of Complex Adaptive Systems | Now Relocating",,Primary persona: builder (product/ops/marketing/GTM role match: 'builder'),1,1,"Monitor - light engagement, add to watchlist"
Scott S.,https://linkedin.com/in/scottsteinlage,Marketing | Growth | CX | Builder | AI Engineer,ScottSteinlage.com,"Primary persona: developer (engineering role/title match: 'ai engineer'), geography in ICP range (US)",1,1,"Monitor - light engagement, add to watchlist"
Francisco Lozano,,"Lead Data Engineer | Building Scalable Data Platforms & Driving Analytics | Snowflake, dbt, Airflow, AWS/GCP",,Primary persona: developer (engineering role/title match: 'data engineer'),1,1,"Monitor - light engagement, add to watchlist"
"Laura Pardo Rao, M.S. MBA",,"AI Landman | Human-First REALTOR® | I find your people their place — seniors, out-of-staters, and everyone the system forgot | Founder, Unicorn Guild | SRES® CIPS® RH2L | Yellow Springs, Ohio",,Primary persona: CMO/business leader (executive/founder/PM role match: '\bfounder\b'),1,1,"Monitor - light engagement, add to watchlist"
Neha Sampat,,"CEO at Contentstack, Investor at Surfboard Ventures, Owner at Austin Woman Magazine, Founder at Raw Engineering, Founder at Built.io",,Primary persona: CMO/business leader (executive/founder/PM role match: '\bfounder\b'),1,1,"Monitor - light engagement, add to watchlist"
Danny Thompson,,Senior Developer Advocate on Atlassian Forge | React.js | Java | Go | Pickleball Aficionado,,Primary persona: developer (engineering role/title match: 'developer'),1,1,"Monitor - light engagement, add to watchlist"
Silas Getachew,,Senior Full Stack Engineer @ Storyblok | Software Engineer,,Primary persona: developer (engineering role/title match: 'software engineer'),1,1,"Monitor - light engagement, add to watchlist"
Leon Blom,,Chief Executive Officer @ Grow Big Ventures | Revenue & Profit Growth,,Primary persona: CMO/business leader (executive/founder/PM role match: '\bchief executive\b'),1,1,"Monitor - light engagement, add to watchlist"
Malik Benzenine,,Go-To-Market Leader - Series A to post-IPO,,Primary persona: CMO/business leader (executive/founder/PM role match: '\bgo-to-market\b'),1,1,"Monitor - light engagement, add to watchlist"
Imran Shaukat,https://linkedin.com/in/imranshaukatpo,Businesses don’t have a tech problem ..... they have a clarity problem | Tech Lead & Founder | Electric-Future + OZGOAT,,Secondary persona: technical leader (role/title match: '\btech lead\b'),1,1,"Monitor - light engagement, add to watchlist"
Gagan Mehra,,"Managing Director, Commerce & Marketplaces",,Primary persona: CMO/business leader (executive/founder/PM role match: '\bmanaging director\b'),1,1,"Monitor - light engagement, add to watchlist"
Santiago Faus,https://linkedin.com/in/santiago-faus-5b40221ba,Founder & CEO at Maribou | GTM Systems for B2B Service Firms | Podcast host | History nerd,Maribou Partners,"Primary persona: CMO/business leader (executive/founder/PM role match: '\bfounder\b'), company size in ICP range (11-50), geography in ICP range (US)",1,1,"Monitor - light engagement, add to watchlist"
Gilda Mireles,,Renewals Account Manager - Inside Sales-Sales Operations-Latam/NA,,Primary persona: builder (product/ops/marketing/GTM role match: 'sales operations'),1,1,"Monitor - light engagement, add to watchlist"
Rafael Brandão,,"Executive | Advisor | Investor | Driving Growth at the Intersection of Digital Commerce, Marketing & AI",,Primary persona: CMO/business leader (executive/founder/PM role match: '\binvestor\b'),1,1,"Monitor - light engagement, add to watchlist"
Mathias Onea,,"Software Engineer & Founder. Helping products grow through fast iteration, UX-focused development & scalable systems.",,Primary persona: developer (engineering role/title match: 'software engineer'),1,1,"Monitor - light engagement, add to watchlist"
Andreas Rudl,,Chief Marketing Officer (CMO) at Bluestone PIM | MACH Alliance Marketing Council,,Primary persona: CMO/business leader (executive/founder/PM role match: '\bcmo\b'),1,1,"Monitor - light engagement, add to watchlist"
Jonathan Löwenstern,,Hands-On Engineering Manager @ IPSY | AWS DevOps & Solutions Architect | AI Engineering | Tech Writer,,Primary persona: developer (engineering role/title match: 'engineering manager'),1,1,"Monitor - light engagement, add to watchlist"
Guillaume Proux,,CEO and co-founder at oomnis,,Primary persona: CMO/business leader (executive/founder/PM role match: '\bfounder\b'),1,1,"Monitor - light engagement, add to watchlist"
Jordan Blackwell,,Building AI systems that help businesses run without the owner | Co-Founder of Siah Labs,,Primary persona: CMO/business leader (executive/founder/PM role match: '\bfounder\b'),1,1,"Monitor - light engagement, add to watchlist"
Etinosa Enogiomwan,https://linkedin.com/in/etin-osa02,Frontend developer | Web Developer | App Developer | React | React Native | Typescript | Sass/Scss | Tailwind | Git,,Primary persona: developer (engineering role/title match: 'developer'),1,1,"Monitor - light engagement, add to watchlist"
Lauren Patterson,,"Head of Marketing @ MACH Alliance | AI Explorer ➡️ Hoping to Shape the Future of Composable Tech | Energetic, Growth-Oriented Leader (without coffee!)",,Primary persona: CMO/business leader (executive/founder/PM role match: '\bhead of marketing\b'),1,1,"Monitor - light engagement, add to watchlist"
Ronak Shah,https://linkedin.com/in/ronakshah4,"Principal Architect at Amazon Web Services. MACH Alliance, Omni channel Director",Amazon Web Services (AWS),"Secondary persona: technical leader (role/title match: '\bprincipal architect\b'), geography in ICP range (US)",1,1,"Monitor - light engagement, add to watchlist"
Ivan Babenko,,Director of Engineering @ Raisin | Leading Platform Development,,Secondary persona: technical leader (role/title match: '\bdirector of engineering\b'),1,1,"Monitor - light engagement, add to watchlist"
Julz Kaupper C.,,BS IT Graduate | Web Developer | React & Full-Stack Development | CCNA & CyberOps Associate Certified,,Primary persona: developer (engineering role/title match: 'developer'),1,1,"Monitor - light engagement, add to watchlist"
Barrie Wade,,Managing Director,,Primary persona: CMO/business leader (executive/founder/PM role match: '\bmanaging director\b'),1,1,"Monitor - light engagement, add to watchlist"
Samuel Horn af Rantzien,,Senior Creative Developer at Prismic. 🌙 Shipping apps at night.,,Primary persona: developer (engineering role/title match: 'developer'),1,1,"Monitor - light engagement, add to watchlist"
Eric Ditzian,,Co-Founder @ Moving Parade,,Primary persona: CMO/business leader (executive/founder/PM role match: '\bfounder\b'),1,1,"Monitor - light engagement, add to watchlist"
Juan Fernández,https://linkedin.com/in/juanferrub,Senior Product Manager at Comet,Comet,"Primary persona: CMO/business leader (executive/founder/PM role match: '\bproduct manager\b'), geography in ICP range (EU)",1,1,"Monitor - light engagement, add to watchlist"
Tatiana Bakharevskaya,,"VP Engineering | Scaled Infra for 100M+ users | Led SRE Teams 250+ | GTM & M&A | Yandex, VK, Bumble",,Secondary persona: technical leader (role/title match: '\bvp engineering\b'),1,1,"Monitor - light engagement, add to watchlist"
Marija Rucevska,,"building outlast (first-cheque investor), co-founder of helve (acq. by civitta), seasonal shipyard mama",,Primary persona: CMO/business leader (executive/founder/PM role match: '\bfounder\b'),1,1,"Monitor - light engagement, add to watchlist"
Narasimhan R.,https://linkedin.com/in/narasimhan-rengan,"Founder, Waypoint | Discovery, routing, and settlement infrastructure for AI agents",,Primary persona: CMO/business leader (executive/founder/PM role match: '\bfounder\b'),1,1,"Monitor - light engagement, add to watchlist"
Andreas Therkildsen,https://linkedin.com/in/andreas-therkildsen-3b896782,Team Lead & Solution Architect - E-commerce | Software | Application Design | Integration,Verdo,"Secondary persona: technical leader (role/title match: '\bhead of technology\b'), geography in ICP range (EU)",1,1,"Monitor - light engagement, add to watchlist"
Michael M.,,Linux Professional | Senior Platform Engineer | SRE | AWS • Kubernetes • Terraform | 8-bit Computing & Guitar,,Primary persona: developer (engineering role/title match: 'platform engineer'),1,1,"Monitor - light engagement, add to watchlist"
Turner Sato,,Demand Generation & Content Marketing Strategist,,Primary persona: builder (product/ops/marketing/GTM role match: 'demand generation'),1,1,"Monitor - light engagement, add to watchlist"
Benjie D.,https://linkedin.com/in/bueller,Co-Founder at Shipyard / Kubelist.com  Co-Host,Shipyard,"Primary persona: CMO/business leader (executive/founder/PM role match: '\bfounder\b'), geography in ICP range (US)",1,1,"Monitor - light engagement, add to watchlist"
Anthony Alves,https://linkedin.com/in/anthony-alves,Principal Software Engineer at ADARTA Inc.,,Primary persona: developer (engineering role/title match: 'software engineer'),1,1,"Monitor - light engagement, add to watchlist"
Niklas May,,"Building products with a designer’s mindset, a full-stack developer’s toolbelt, and a consultant’s process. @ Pricenow, driving digital transformation in tourism with data-driven e-commerce and analytics.",,Primary persona: developer (engineering role/title match: 'developer'),1,1,"Monitor - light engagement, add to watchlist"
Rosta Striz,,Principal Product Manager @GoodData,,Primary persona: CMO/business leader (executive/founder/PM role match: '\bproduct manager\b'),1,1,"Monitor - light engagement, add to watchlist"
Steven Larsen,https://linkedin.com/in/stevenvlarsen,AI Ecosystems | Strategic Partnerships & Growth,Scalestack,"Primary persona: CMO/business leader (executive/founder/PM role match: '\bmanaging partner\b'), company size in ICP range (11-50), funding stage in ICP range (seed), geography in ICP range (US)",1,1,"Monitor - light engagement, add to watchlist"
Pete Berry,,Software engineering leader | Mentor,,Primary persona: developer (engineering role/title match: 'software engineering'),1,1,"Monitor - light engagement, add to watchlist"
Ramin Bozorgzadeh,https://linkedin.com/in/raminb,"CTO & Cofounder at Dupe.com - ex-WeWork, Etsy",,Secondary persona: technical leader (role/title match: '\bcto\b'),1,1,"Monitor - light engagement, add to watchlist"
Erik Pedersen,https://linkedin.com/in/erikzhangpedersen,Founding Eng @ Virio,Virio,"Primary persona: CMO/business leader (executive/founder/PM role match: '\bpresident\b'), company size in ICP range (11-50), geography in ICP range (US)",1,1,"Monitor - light engagement, add to watchlist"
Diego Medina Mora,https://linkedin.com/in/diego-medina-mora-web3,RWA | Stablecoins | Blockchain,Quantum Art Singulatiy Corp,Primary persona: CMO/business leader (executive/founder/PM role match: '\bcmo\b'),1,1,"Monitor - light engagement, add to watchlist"
Juan Manuel Gonzalez Amado,,Software Engineer at Santex,,Primary persona: developer (engineering role/title match: 'software engineer'),1,1,"Monitor - light engagement, add to watchlist"
Raymond Camden,,"Developer advocate, writer, AI and API wizard.",,Primary persona: developer (engineering role/title match: 'developer'),1,1,"Monitor - light engagement, add to watchlist"
Paresh Bhaya,https://linkedin.com/in/paresh-bhaya,Co-Founder @ Natoma,Natoma,"Primary persona: CMO/business leader (executive/founder/PM role match: '\bfounder\b'), company size in ICP range (11-50), geography in ICP range (US)",1,1,"Monitor - light engagement, add to watchlist"
Jason Guesman,,Builder–Operator for AI Startups | Partnering with VCs & Founders to Scale AI Companies | Head of VC & Startups @ AWS | Enterprise GTM | Customers • Capital • Cloud,,Primary persona: builder (product/ops/marketing/GTM role match: 'builder'),1,1,"Monitor - light engagement, add to watchlist"
Christian Almenar,https://linkedin.com/in/cgalmenar,Co-founder & CEO at Monad,,Primary persona: CMO/business leader (executive/founder/PM role match: '\bfounder\b'),1,1,"Monitor - light engagement, add to watchlist"
Samir S.,,Software Engineer at Iconic Web Studios,,Primary persona: developer (engineering role/title match: 'software engineer'),1,1,"Monitor - light engagement, add to watchlist"
Filip Martinsson,,Founder & Board member at Moralis,,Primary persona: CMO/business leader (executive/founder/PM role match: '\bfounder\b'),1,1,"Monitor - light engagement, add to watchlist"
Barak Berkowitz,,"Experienced consumer technology leader, advisor and investor",,Primary persona: CMO/business leader (executive/founder/PM role match: '\binvestor\b'),1,1,"Monitor - light engagement, add to watchlist"
Aumran Shahabi,,Co-founder & Managing Director at Edgecore Electronics FZCO & Mebashi,,Primary persona: CMO/business leader (executive/founder/PM role match: '\bfounder\b'),1,1,"Monitor - light engagement, add to watchlist"
Evandro Sasse,,"CTO, Founding team at Superfiliate",,Secondary persona: technical leader (role/title match: '\bcto\b'),1,1,"Monitor - light engagement, add to watchlist"
Marcel Thiesies,,CEO @ Laioutr | Agentic Frontend Management Platform for composable commerce,,Primary persona: CMO/business leader (executive/founder/PM role match: '\bceo\b'),1,1,"Monitor - light engagement, add to watchlist"
Serhii Rushchits,,Head of Growth & Product Strategy at GetMany.com | Strategic GTM & Revenue Scaling Expert | Ex-Head of Sales,,Primary persona: CMO/business leader (executive/founder/PM role match: '\bhead of sales\b'),1,1,"Monitor - light engagement, add to watchlist"
Yaron Benjamin,,CEO | Aionic Digital,,Primary persona: CMO/business leader (executive/founder/PM role match: '\bceo\b'),1,1,"Monitor - light engagement, add to watchlist"
Anthony DeLuise,https://linkedin.com/in/anthonydeluise,"Product + Design | 0→1 Builder | EdTech, B2B SaaS",,"Primary persona: builder (product/ops/marketing/GTM role match: 'builder'), geography in ICP range (US)",1,1,"Monitor - light engagement, add to watchlist"
MJ Wojcik,,"Full-stack software engineer with a passion for public service, health, and well-being",,Primary persona: developer (engineering role/title match: 'software engineer'),1,1,"Monitor - light engagement, add to watchlist"
Lea Karam,,"Founder & CEO of Mindscope | Multi-Award-Winning Behavioural Scientist, Keynote Speaker",,Primary persona: CMO/business leader (executive/founder/PM role match: '\bfounder\b'),1,1,"Monitor - light engagement, add to watchlist"
Sead Ahmetovic,https://linkedin.com/in/seadahmetovic,"CEO of WeAreDevelopers | Hosting the world’s leading events for developers, tech leaders, and AI innovators | Capital Top 40 | FT1000",,Primary persona: CMO/business leader (executive/founder/PM role match: '\bceo\b'),1,1,"Monitor - light engagement, add to watchlist"
🙋🏻‍♀️  Anita Pagin,https://linkedin.com/in/anitapagin,Global People Leader | Integrator | Culture Architect | Systems Thinker,Alcatraz,"Primary persona: CMO/business leader (executive/founder/PM role match: '\bchief of staff\b'), geography in ICP range (US)",1,1,"Monitor - light engagement, add to watchlist"
Cristina Duran,,Software Engineer | EdTech & Education Technology | Tools for Educators | JavaScript · React · Node.js,,Primary persona: developer (engineering role/title match: 'software engineer'),1,1,"Monitor - light engagement, add to watchlist"
Nusrat Chowdhury,,Aspiring Software Engineer | Full-Stack Web Developer | Next.js • Node.js • MongoDB | Open to Internship Opportunities,,Primary persona: developer (engineering role/title match: 'software engineer'),1,1,"Monitor - light engagement, add to watchlist"
Philippe Bodart,https://linkedin.com/in/philippebodart,Founder & CEO at WebriQ | Building Outcome-Based Digital Systems | Delivering Measurable Growth through Service-as-Software | AI-Native Content & Web Transformation Platform,,Primary persona: CMO/business leader (executive/founder/PM role match: '\bfounder\b'),1,1,"Monitor - light engagement, add to watchlist"
Joshua Wenning,,Graphic Designer and Rails Developer,,Primary persona: developer (engineering role/title match: 'developer'),1,1,"Monitor - light engagement, add to watchlist"
Brad Menezes,,CEO at Superblocks | Build & Govern AI-Generated Enterprise Apps,,Primary persona: CMO/business leader (executive/founder/PM role match: '\bceo\b'),1,1,"Monitor - light engagement, add to watchlist"
Savannah L.,,Senior Developer Advocate @ Databricks/Neon,,Primary persona: developer (engineering role/title match: 'developer'),1,1,"Monitor - light engagement, add to watchlist"
Sylwia Vargas,,DevRel strategist | Technical Writer | React developer,,Primary persona: developer (engineering role/title match: 'developer'),1,1,"Monitor - light engagement, add to watchlist"
Saurabh Dhuliya,,Founder @SelfuneAI | AI Systems Builder | Most AI acts before it thinks. I fix that.,,Primary persona: builder (product/ops/marketing/GTM role match: 'builder'),1,1,"Monitor - light engagement, add to watchlist"
Michael Geyer,,software engineer and web enthusiast,,Primary persona: developer (engineering role/title match: 'software engineer'),1,1,"Monitor - light engagement, add to watchlist"
Una Verhoeven,https://linkedin.com/in/unaverhoeven,EVP Technology & Innovation | CTO | AI Governance & Strategy | Digital Transformation | Global Engineering Leadership | 25 Countries | Architecture Review | SDLC,,Secondary persona: technical leader (role/title match: '\bcto\b'),1,1,"Monitor - light engagement, add to watchlist"
Aritra S.,https://linkedin.com/in/aritra-saharay,CS + Khoury MS Advisory Board @ Northeastern University | prev intern @ pawtograder.com & Lexia Learning | 4X Hackathon Winner,Khoury College of Computer Sciences,"Primary persona: CMO/business leader (executive/founder/PM role match: '\bboard member\b'), geography in ICP range (US)",1,1,"Monitor - light engagement, add to watchlist"
Niresh Agarwal,https://linkedin.com/in/niresh-agarwal,"Making AI Personal, Proactive, and Visual. GM at Amazon AI, Ex VP -VMware/Broadcom, Keynote Speaker, Start-up Advisor",Amazon,"Primary persona: developer (engineering role/title match: 'software engineer'), geography in ICP range (US)",1,1,"Monitor - light engagement, add to watchlist"
Alisa Patotskaya,https://linkedin.com/in/alisa-patotskaya,"Founder, CEO at Immersive Fox",,Primary persona: CMO/business leader (executive/founder/PM role match: '\bfounder\b'),1,1,"Monitor - light engagement, add to watchlist"
Beyang Liu,,"CTO, co-founder of Sourcegraph",,Secondary persona: technical leader (role/title match: '\bcto\b'),1,1,"Monitor - light engagement, add to watchlist"
Henry Smith,,Co-Founder | CTO | Techstars '24,,Secondary persona: technical leader (role/title match: '\bcto\b'),1,1,"Monitor - light engagement, add to watchlist"
Andrew Bishop,,"Tech Lead Manager & Software Developer | Platform Engineering, Multi-tenant SaaS",,Primary persona: developer (engineering role/title match: 'software developer'),1,1,"Monitor - light engagement, add to watchlist"
Kevin Goldsmith,,"Chief Technology Officer (CTO) @ DistroKid, Author of “It Depends: Writing on Technology Leadership 2012-2022,” Board Member, Advisor, and International Speaker",,Secondary persona: technical leader (role/title match: '\bcto\b'),1,1,"Monitor - light engagement, add to watchlist"
Vasu Murthy,,Chief Product Officer at Cohesity,,Primary persona: CMO/business leader (executive/founder/PM role match: '\bchief product\b'),1,1,"Monitor - light engagement, add to watchlist"
Cheryl Manalo,,Product Marketing Leader,,Primary persona: builder (product/ops/marketing/GTM role match: 'product marketing'),1,1,"Monitor - light engagement, add to watchlist"
Michael Fester,,First Autonomous Gummies Brand | Cofounder @ GloGlo.com (YC) & 14.ai | Host @ Thanks For Holding | Maths @ Cambridge,,Primary persona: CMO/business leader (executive/founder/PM role match: '\bcofounder\b'),1,1,"Monitor - light engagement, add to watchlist"
Bryan Nugent,,Senior Alliance Manager creating winning strategies and relationships for my current and future partners in the Ecommerce and the composable space.,,Primary persona: builder (product/ops/marketing/GTM role match: 'alliance manager'),1,1,"Monitor - light engagement, add to watchlist"
Ryan Spletzer,,"Distinguished Engineer | AI, Data, and Automation",,Secondary persona: technical leader (role/title match: '\bdistinguished engineer\b'),1,1,"Monitor - light engagement, add to watchlist"
Arnel Fauni,,Application Security Engineer,,Primary persona: developer (engineering role/title match: 'security engineer'),1,1,"Monitor - light engagement, add to watchlist"
Sendur Sellakumar,,Chief Executive Officer,,Primary persona: CMO/business leader (executive/founder/PM role match: '\bchief executive\b'),1,1,"Monitor - light engagement, add to watchlist"
Heather N.,,Community Manager | Customer Success | Volunteer Program Leadership | 15+ Years Building Thriving 600k+ Member Communities,,Primary persona: builder (product/ops/marketing/GTM role match: 'customer success'),1,1,"Monitor - light engagement, add to watchlist"
Pat M.,,"Marketing and Development | AI Integration, Training, Research & Strategist | Founder: Raisewell Consulting & Realm Marketing | Sustainability | Brand Architect | Multicultural Marketing | NonProfit | Automotive",,Primary persona: CMO/business leader (executive/founder/PM role match: '\bfounder\b'),1,1,"Monitor - light engagement, add to watchlist"
Nicole Alonso,https://linkedin.com/in/nicole-alonso,Head of Growth at Windmill | We help HR teams run performance reviews people actually enjoy,Windmill,"Primary persona: CMO/business leader (executive/founder/PM role match: '\bhead of growth\b'), company size in ICP range (11-50), geography in ICP range (US)",1,1,"Monitor - light engagement, add to watchlist"
Alberto Perdomo,,"Product management for technical products, developer tools, databases",,Primary persona: developer (engineering role/title match: 'developer'),1,1,"Monitor - light engagement, add to watchlist"
Matt Cook,https://linkedin.com/in/matthewmarkcook,Achieving Successful Startup Outcomes Through Critical Engineering & Product Hiring | Co-Founder @ Scouut,Scouut,Primary persona: CMO/business leader (executive/founder/PM role match: '\bfounder\b'),1,1,"Monitor - light engagement, add to watchlist"
Nikolay D.,,"Front-end Technical Architect / Front-end Tech lead | Obsessed with Speed, UX, and Scalable Front-End Architecture",,Secondary persona: technical leader (role/title match: '\btech lead\b'),1,1,"Monitor - light engagement, add to watchlist"
Peter Lubbers,,"COO, Ocupop",,Primary persona: CMO/business leader (executive/founder/PM role match: '\bcoo\b'),1,1,"Monitor - light engagement, add to watchlist"
Shunta Nishii,https://linkedin.com/in/shuntanishii,Matcha Export & Menu Consulting | Helping Cafés & HoReCa Increase Revenue with Japanese Matcha | Founder @ Lumina,Lumina株式会社,Primary persona: CMO/business leader (executive/founder/PM role match: '\bfounder\b'),1,1,"Monitor - light engagement, add to watchlist"
Zain A.,,"Software & Cloud Engineer | SRE | Lead DevOps/DevSecOps | Multi-Cloud (Azure, AWS, GCP) | 4x Certified",,Primary persona: developer (engineering role/title match: 'cloud engineer'),1,1,"Monitor - light engagement, add to watchlist"
Craig Simon,,"Database Application Engineer: SQL, C#, Angular | International Studies Ph.D. | Ranked Choice Voting Wonk | Founder of Indaba Application Network — IAN | Publisher of miniherald.com |",,Primary persona: CMO/business leader (executive/founder/PM role match: '\bfounder\b'),1,1,"Monitor - light engagement, add to watchlist"
Moses Campbell,,Chief Operating Officer at ParkZilla,,Primary persona: CMO/business leader (executive/founder/PM role match: '\bchief operating officer\b'),1,1,"Monitor - light engagement, add to watchlist"
Neil Mansilla,,"Founder, Developer, Advisor | Developer Relations & Platform Strategy",,Primary persona: developer (engineering role/title match: 'developer'),1,1,"Monitor - light engagement, add to watchlist"
Chris Hannaby,,"Office of the President @ Shopify, Helping our largest brands build their commerce stack for the future",,Primary persona: CMO/business leader (executive/founder/PM role match: '\bpresident\b'),1,1,"Monitor - light engagement, add to watchlist"
Kelsey Tarp,https://linkedin.com/in/kelseytarp,People & Culture Leader | Executive Coach | Enabling Organizational Effectiveness through Change and Growth,,Primary persona: CMO/business leader (executive/founder/PM role match: '\bexecutive coach\b'),1,1,"Monitor - light engagement, add to watchlist"
Alexandre Gomes,,Independent Software Engineer | Mental Health Advocate | Founder of Feeling Buggy | 15+ years in JS Architecture (ex-JavascriptMVC),,Primary persona: developer (engineering role/title match: 'software engineer'),1,1,"Monitor - light engagement, add to watchlist"
Kelsey Tarp,,HR Leader & Executive Coach | Enabling Organizational Effectiveness through Change and Growth,,Primary persona: CMO/business leader (executive/founder/PM role match: '\bexecutive coach\b'),1,1,"Monitor - light engagement, add to watchlist"
Jason Cottrell,,Orium CEO • MACH President • Commerce & Agents • Composable.com • Award-winning SI • Spearheading 100+ firms building the Agent Ecosystem,,Primary persona: CMO/business leader (executive/founder/PM role match: '\bceo\b'),1,1,"Monitor - light engagement, add to watchlist"
Giacomo Chelli,,Software Engineer presso Trusty | A True Story,,Primary persona: developer (engineering role/title match: 'software engineer'),1,1,"Monitor - light engagement, add to watchlist"
Evanson M.,,Infrastructure & Devops | Developer Productivity | AWS | GCP | Kubernetes | Go | Python | Typescript,,Primary persona: developer (engineering role/title match: 'developer'),1,1,"Monitor - light engagement, add to watchlist"
Julien Viala,,Senior Software Engineer,,Primary persona: developer (engineering role/title match: 'software engineer'),1,1,"Monitor - light engagement, add to watchlist"
Stuart P.,https://linkedin.com/in/stuartpollington,Owner | Founder | Marketing | Leadership | Public Speaker | Business Growth,Smart Traffic Australia,Primary persona: CMO/business leader (executive/founder/PM role match: '\bfounder\b'),1,1,"Monitor - light engagement, add to watchlist"
Gabriel Barros,,"Software Engineer, Angel Investor, Founder",,Primary persona: developer (engineering role/title match: 'software engineer'),1,1,"Monitor - light engagement, add to watchlist"
Daniel Dayley,,Product Security Engineer at Qualtrics,,Primary persona: developer (engineering role/title match: 'security engineer'),1,1,"Monitor - light engagement, add to watchlist"
Rajoshi Ghosh,https://linkedin.com/in/rajoshighosh,"Co-founder, PromptQL / Hasura. Multiplayer AI with a wiki. Building the future of work.",,Primary persona: CMO/business leader (executive/founder/PM role match: '\bfounder\b'),1,1,"Monitor - light engagement, add to watchlist"
Edoardo Dusi,,Team Manager DevRel & Community @ Storyblok,,Primary persona: developer (engineering role/title match: 'devrel'),1,1,"Monitor - light engagement, add to watchlist"
Ryan Token,,Lead Software Engineer - Apple Platforms,,Primary persona: developer (engineering role/title match: 'software engineer'),1,1,"Monitor - light engagement, add to watchlist"
Filippo Conforti,https://linkedin.com/in/filippoconforti,Founder of Commerce Layer,,Primary persona: CMO/business leader (executive/founder/PM role match: '\bfounder\b'),1,1,"Monitor - light engagement, add to watchlist"
Yann Ranchere,https://linkedin.com/in/yannranchere,Co-Founder and CEO at Motley,,Primary persona: CMO/business leader (executive/founder/PM role match: '\bfounder\b'),1,1,"Monitor - light engagement, add to watchlist"
Matthew Highland,https://linkedin.com/in/matthewhighland,Founder,,Primary persona: CMO/business leader (executive/founder/PM role match: '\bfounder\b'),1,1,"Monitor - light engagement, add to watchlist"
Erin Kavanagh,https://linkedin.com/in/erinmariekavanagh,Startup marketing leader | Sleeves rolled-up,,"Primary persona: CMO/business leader (executive/founder/PM role match: '\bhead of marketing\b'), geography in ICP range (US)",1,1,"Monitor - light engagement, add to watchlist"
Zahid Karakaya,,Senior Frontend Developer at Aerones,,Primary persona: developer (engineering role/title match: 'developer'),1,1,"Monitor - light engagement, add to watchlist"
Jonny Smillie,,Web Developer,,Primary persona: developer (engineering role/title match: 'developer'),1,1,"Monitor - light engagement, add to watchlist"
James Morrison,,Applied AI Engineer for Shopware’s Agentic Commerce Lab,,Primary persona: developer (engineering role/title match: 'ai engineer'),1,1,"Monitor - light engagement, add to watchlist"
Pavel Dergachev,,Founder & Creative Director at KOJI,,Primary persona: CMO/business leader (executive/founder/PM role match: '\bfounder\b'),1,1,"Monitor - light engagement, add to watchlist"
Jeremy Yap,,angel investor,,Primary persona: CMO/business leader (executive/founder/PM role match: '\binvestor\b'),1,1,"Monitor - light engagement, add to watchlist"
Thomas Roux,https://linkedin.com/in/thomas-roux-6b194257,"AI Productivity Lead @ Sanofi | AI-Assisted Engineering, DORA Metrics & Developer Productivity",,Primary persona: developer (engineering role/title match: 'developer'),1,1,"Monitor - light engagement, add to watchlist"
Jorge Hernandez,,Chief Operating Officer (COO) at Manyone,,Primary persona: CMO/business leader (executive/founder/PM role match: '\bcoo\b'),1,1,"Monitor - light engagement, add to watchlist"
Andrew Scudder,,Detail-Oriented Front-End Web Developer,,Primary persona: developer (engineering role/title match: 'developer'),1,1,"Monitor - light engagement, add to watchlist"
Frederik Vollert,,"Founder and Board Member at Phrase.com, Tech Investor & Business Angel",,Primary persona: CMO/business leader (executive/founder/PM role match: '\bfounder\b'),1,1,"Monitor - light engagement, add to watchlist"
"Jen Looper, PhD",https://linkedin.com/in/jenlooper,"Director of Developer Relations at Cloudinary; building Her AI Studio, Inc., a nonprofit teaching women AI Engineering skills using physical computing.",,Primary persona: developer (engineering role/title match: 'developer'),1,1,"Monitor - light engagement, add to watchlist"
Hannes Lenke,,CEO @ Checkly | Application reliability for engineers & agents,,Primary persona: CMO/business leader (executive/founder/PM role match: '\bceo\b'),1,1,"Monitor - light engagement, add to watchlist"
Justin Schroeder,,Principal Software Engineer | Frontend Architecture & Platform Systems | Building Scalable Web Platforms and AI Solutions,,Primary persona: developer (engineering role/title match: 'software engineer'),1,1,"Monitor - light engagement, add to watchlist"
Roxane Fischer,https://linkedin.com/in/roxane-fischer-92a52414b,Co-Founder @ Anyshift.io | The context for AI in prod | Euro Seed 50,,Primary persona: CMO/business leader (executive/founder/PM role match: '\bfounder\b'),1,1,"Monitor - light engagement, add to watchlist"
Dorian Lazzari,https://linkedin.com/in/dorianlazzari,CEO @ Cubish,Cubish,"Primary persona: CMO/business leader (executive/founder/PM role match: '\bceo\b'), company size in ICP range (11-50), geography in ICP range (EU)",1,1,"Monitor - light engagement, add to watchlist"
Aidan Cunniffe,https://linkedin.com/in/acunniffe,Building Git AI,Git AI,"Primary persona: CMO/business leader (executive/founder/PM role match: '\bfounder\b'), geography in ICP range (US)",1,1,"Monitor - light engagement, add to watchlist"
Shawn Lisbon,https://linkedin.com/in/shawnlisbon,Global Vice President @ Sitecore | Corporate Strategy & Alliances,,Primary persona: CMO/business leader (executive/founder/PM role match: '\bpresident\b'),1,1,"Monitor - light engagement, add to watchlist"
Ramiro Espada,,Creative Frontend Developer and Designer | Autodidact,,Primary persona: developer (engineering role/title match: 'developer'),1,1,"Monitor - light engagement, add to watchlist"
Chaitra SK,,Aspiring Software Engineer| Data Analyst | Backend Developer | Ai-native Engineer | Data Science Engineer,,Primary persona: developer (engineering role/title match: 'software engineer'),1,1,"Monitor - light engagement, add to watchlist"
Annabelle W.,,Revenue Operations Manager at Talon Wealth,,Primary persona: builder (product/ops/marketing/GTM role match: 'revenue operations'),1,1,"Monitor - light engagement, add to watchlist"
Fred Carlsen,,Full Stack Engineer at Sanity.io,,Primary persona: developer (engineering role/title match: 'full stack engineer'),1,1,"Monitor - light engagement, add to watchlist"
Ishaan Sehgal,https://linkedin.com/in/ishaan-sehgal,"Co-Founder @ Omnara (YC S25) | Ex-Microsoft, Roblox | Building the Command Center for your AI Agents",Omnara (YC S25),"Primary persona: CMO/business leader (executive/founder/PM role match: '\bfounder\b'), geography in ICP range (US)",1,1,"Monitor - light engagement, add to watchlist"
Vitor Grosskopf,,Software Engineer | Ruby on Rails | APIs REST | RSpec | CI/CD | Backend,,Primary persona: developer (engineering role/title match: 'software engineer'),1,1,"Monitor - light engagement, add to watchlist"
Martin Kumert,,"Founder, SymbioOS | Author, The Judgment Vacuum | 20+ yrs Global MD, Accenture — Finance Transformation & GBS",,Primary persona: CMO/business leader (executive/founder/PM role match: '\bfounder\b'),1,1,"Monitor - light engagement, add to watchlist"
Filip Rakowski,,Co-founder & CTO @ Alokai | Agentic Commerce Geek | MACH Tech Council Member | Forbes 30 under 30 | YC Alumni (W21) #agenticcommerce,,Secondary persona: technical leader (role/title match: '\bcto\b'),1,1,"Monitor - light engagement, add to watchlist"
Sebastian Döll,,👨‍💻🚀 Builder.,,Primary persona: builder (product/ops/marketing/GTM role match: 'builder'),1,1,"Monitor - light engagement, add to watchlist"
Jack McCloy,,Engineering Manager,,Primary persona: developer (engineering role/title match: 'engineering manager'),1,1,"Monitor - light engagement, add to watchlist"
Christian Pelle,,CRO - Tembi.io - Market Intelligence,,Primary persona: CMO/business leader (executive/founder/PM role match: '\bcro\b'),1,1,"Monitor - light engagement, add to watchlist"
Mike Bean,,"Engineering Manager, NetOps",,Primary persona: developer (engineering role/title match: 'engineering manager'),1,1,"Monitor - light engagement, add to watchlist"
Agne Larsson,,Qorientation Owner/Founder,,Primary persona: CMO/business leader (executive/founder/PM role match: '\bfounder\b'),1,1,"Monitor - light engagement, add to watchlist"
Marc Turvey,https://linkedin.com/in/marcturvey,"IFS Technical Solution Manager | IFS Cloud, Report Studio, Integrations, Configurations & Customisations | Helping Businesses Maximize ERP Performance | Experienced Manager, Consulting, Baker Tilly US",Baker Tilly US,"Primary persona: developer (engineering role/title match: 'developer'), geography in ICP range (EU)",1,1,"Monitor - light engagement, add to watchlist"
Sergi Meseguer,,Engineering Lead · Architecture · Engineering Management · AI-Assisted Engineering · Technical Strategy · sergimeseguer.com,,Primary persona: developer (engineering role/title match: 'engineering lead'),1,1,"Monitor - light engagement, add to watchlist"
Laurentiu Ciovică,,Helping OTAs & Travel Brands Build Scalable Booking Engines | GDS & NDC Integrations | Travel API Expert | Enterprise Architect & Entrepreneur,,Primary persona: CMO/business leader (executive/founder/PM role match: '\bentrepreneur\b'),1,1,"Monitor - light engagement, add to watchlist"
Rasmus Holmgaard,,COO @RenderZ,,Primary persona: CMO/business leader (executive/founder/PM role match: '\bcoo\b'),1,1,"Monitor - light engagement, add to watchlist"
Cindy Ah Kioon,,Staff Software Engineer at ServiceNow,,Primary persona: developer (engineering role/title match: 'software engineer'),1,1,"Monitor - light engagement, add to watchlist"
Darin Archer,,"Chief Product Officer (most recently Yottaa) | Building where physical operations meet digital intelligence: IoT, AI platforms, enterprise software | Intel, IBM ($400M portfolio), Adobe, Gap Inc. ($16B) | Columbus, OH",,Primary persona: CMO/business leader (executive/founder/PM role match: '\bchief product\b'),1,1,"Monitor - light engagement, add to watchlist"
Stevan Kapicic,,"Senior Software Engineer @ Postman | I build, and I write about what I learn — AI-assisted dev, software craft, productivity | Co-founder @ Aspect",,Primary persona: developer (engineering role/title match: 'software engineer'),1,1,"Monitor - light engagement, add to watchlist"
Jeannie Wu,,Growth Product Manager at Zendesk,,Primary persona: CMO/business leader (executive/founder/PM role match: '\bproduct manager\b'),1,1,"Monitor - light engagement, add to watchlist"
Haimantika Mitra,,"Developer Advocate | Author | Microsoft MVP for Web Development | Working on developer education, developer experience, documentation and GenAI.",,Primary persona: developer (engineering role/title match: 'developer'),1,1,"Monitor - light engagement, add to watchlist"
Louis Whyte Jonah,,Programs Manager || Video Games || Web Developer || UX Designer ||,,Primary persona: developer (engineering role/title match: 'developer'),1,1,"Monitor - light engagement, add to watchlist"
Ivan Chepurin,,"Programmer, musician, free artist",,Primary persona: developer (engineering role/title match: 'programmer'),1,1,"Monitor - light engagement, add to watchlist"
"Chris ""fool"" McCraw",,"community builder, joy facilitator, adventurer. once and future technical customer service leader.",,Primary persona: builder (product/ops/marketing/GTM role match: 'builder'),1,1,"Monitor - light engagement, add to watchlist"
Benjamin Fazli,,Software Engineer at Modulify,,Primary persona: developer (engineering role/title match: 'software engineer'),1,1,"Monitor - light engagement, add to watchlist"
Ilya Pukhalski,,Founder @ ENDGAME | Technology Strategy & Advisory,,Primary persona: CMO/business leader (executive/founder/PM role match: '\bfounder\b'),1,1,"Monitor - light engagement, add to watchlist"
Eylon M.,,Founder & CEO @ Flowtel - Hotels AI Brain (YC W25),,Primary persona: CMO/business leader (executive/founder/PM role match: '\bfounder\b'),1,1,"Monitor - light engagement, add to watchlist"
Dalia Havens,,SVP of Engineering,,Secondary persona: technical leader (role/title match: '\bsvp of engineering\b'),1,1,"Monitor - light engagement, add to watchlist"
Simon Jones,,"Founder & MD of digital agency Studio 24. We believe in an accessible, sustainable web that works for everyone. Strategy, CMS, content, accessibility, tech, PHP. Trustee Cambridge Film Trust.",,Primary persona: CMO/business leader (executive/founder/PM role match: '\bfounder\b'),1,1,"Monitor - light engagement, add to watchlist"
Kevin Samoei,,Senior Software Engineer at GoodDay | Agentic Workflows,,Primary persona: developer (engineering role/title match: 'software engineer'),1,1,"Monitor - light engagement, add to watchlist"
🐯 Ajay Kulkarni,,CEO/Co-Founder at TigerData (tigerdata.com/careers),,Primary persona: CMO/business leader (executive/founder/PM role match: '\bfounder\b'),1,1,"Monitor - light engagement, add to watchlist"
Lauren (Schultz) Potter,https://linkedin.com/in/laurenschultzpotter,"Operating Partner, Kleiner Perkins",Kleiner Perkins,"Primary persona: CMO/business leader (executive/founder/PM role match: '\bbusiness development\b'), company size in ICP range (11-50), geography in ICP range (US)",1,1,"Monitor - light engagement, add to watchlist"
Ajinkya Joshi,,"Head of Business, Operations & Finance @ Superblocks (Enterprise AI App Gen) | Previously @ Rippling, Cedar & Morgan Stanley",,Primary persona: CMO/business leader (executive/founder/PM role match: '\bhead of business\b'),1,1,"Monitor - light engagement, add to watchlist"
Julio Gonzalez,,"VP Customer Success & Customer Operations | Post-Sales Strategy | Retention, Expansion & Digital Scale| Zendesk | Genesys",,Primary persona: builder (product/ops/marketing/GTM role match: 'customer success'),1,1,"Monitor - light engagement, add to watchlist"
Stefan Bako,,Customer Success Lead at Zeekeo | Helping businesses grow through smart outbound and strategic networking,,Primary persona: builder (product/ops/marketing/GTM role match: 'customer success'),1,1,"Monitor - light engagement, add to watchlist"
James Hetherington,,Software Engineer @ Snowflake | ex-Natoma,,Primary persona: developer (engineering role/title match: 'software engineer'),1,1,"Monitor - light engagement, add to watchlist"
Nouha Chhih,,Head of Growth - Proton,,Primary persona: CMO/business leader (executive/founder/PM role match: '\bhead of growth\b'),1,1,"Monitor - light engagement, add to watchlist"
Jeffrey Martin,https://linkedin.com/in/jeffreyscottmartin,"I’m Jeffrey Scott Martin. A developer, multimedia designer, storyteller, and philosopher-engineer, creating digital experiences that serve people, honour truth, and are guided by a vision of renewal.",,Primary persona: developer (engineering role/title match: 'developer'),1,1,"Monitor - light engagement, add to watchlist"
Arjun Moorthy,https://linkedin.com/in/arjunmoorthy,CEO @ Rocksalt.ai | 6 yrs @ HubSpot | Building what comes after inbound | Ex-CEO @ The Factual (acq. by Yahoo),,Primary persona: CMO/business leader (executive/founder/PM role match: '\bceo\b'),1,1,"Monitor - light engagement, add to watchlist"
Laura Oliveira,,Senior Software Engineer | Android Engineer | Kotlin · Java · Jetpack Compose · KMP | Fintech,,Primary persona: developer (engineering role/title match: 'software engineer'),1,1,"Monitor - light engagement, add to watchlist"
Eli Ash,,"Customer Success (AI + Automation) | Business Development Manager | Business Development,Account Management, Sales, Client Relations",,Primary persona: builder (product/ops/marketing/GTM role match: 'customer success'),1,1,"Monitor - light engagement, add to watchlist"
Matthias Dietrich,,"CEO @ foobar Agency ➡️ eCommerce 🌳 Strategy, Conception, Implementation, Operation 🚀 CEO & Technologist in one",,Primary persona: CMO/business leader (executive/founder/PM role match: '\bceo\b'),1,1,"Monitor - light engagement, add to watchlist"
Prerna Sethi,,Co-founder at Sethi Couture,,Primary persona: CMO/business leader (executive/founder/PM role match: '\bfounder\b'),1,1,"Monitor - light engagement, add to watchlist"
Daniel Castro Garcia,,CTO & Co Founder at Happyforce. Mr. Wolf,,Secondary persona: technical leader (role/title match: '\bcto\b'),1,1,"Monitor - light engagement, add to watchlist"
Tom Hacohen,,Founder & CEO at Svix | Send Webhooks In Minutes Not Months!,,Primary persona: CMO/business leader (executive/founder/PM role match: '\bfounder\b'),1,1,"Monitor - light engagement, add to watchlist"
Bianca Collins,,Founder | Consumer Brands,,Primary persona: CMO/business leader (executive/founder/PM role match: '\bfounder\b'),1,1,"Monitor - light engagement, add to watchlist"
Alen P.,https://linkedin.com/in/alenpelin,Staff AI Engineer at Uniform,,Primary persona: developer (engineering role/title match: 'ai engineer'),1,1,"Monitor - light engagement, add to watchlist"
Jesus Lizama,https://linkedin.com/in/jesuslizama,"Chief Technology Officer, Partner at Studio III Marketing",,Secondary persona: technical leader (role/title match: '\bchief technology officer\b'),1,1,"Monitor - light engagement, add to watchlist"
Brandon Roberts,,"Angular GDE, NgRx Maintainer, Creator of AnalogJS, Web developer",,Primary persona: developer (engineering role/title match: 'developer'),1,1,"Monitor - light engagement, add to watchlist"
Brian Gentile,https://linkedin.com/in/brian-gentile-b1376,10X CEO Coach & Chairman Of The Board at Matillion,,Primary persona: CMO/business leader (executive/founder/PM role match: '\bceo\b'),1,1,"Monitor - light engagement, add to watchlist"
Lindsay Wardell,,Engineering Manager at Mangomint,,Primary persona: developer (engineering role/title match: 'engineering manager'),1,1,"Monitor - light engagement, add to watchlist"
Mark Mathson,https://linkedin.com/in/markmathson,Product Manager | I build products and bring them to market.,Make Industry,"Primary persona: CMO/business leader (executive/founder/PM role match: '\bproduct manager\b'), geography in ICP range (US)",1,1,"Monitor - light engagement, add to watchlist"
Andrew R.,https://linkedin.com/in/andrewrhyne,"Staff Engineer at Shopify - Applied AI / ML. Past: Embra, Jiff (acquired), Jobstart (acquired), Collective Health, GatsbyJS (acquired)",,Primary persona: developer (engineering role/title match: 'staff engineer'),1,1,"Monitor - light engagement, add to watchlist"
Pradhumen Singh Naruka,https://linkedin.com/in/pradhumen2000,"Learn From People Experience Helping enterprises streamline operations, eliminate manual processes, and scale there business. Share my experience so people can save time or save money.",Sedar Global,Primary persona: developer (engineering role/title match: 'developer'),1,1,"Monitor - light engagement, add to watchlist"
Yuliana Reyna Jiménez,,"Organizer JSConf México, Software Engineer, Communities, Open Source and JavaScript",,Primary persona: developer (engineering role/title match: 'software engineer'),1,1,"Monitor - light engagement, add to watchlist"
Sheila Sitaram,,"Building ‘md:product.db’ @ MotherDuck 🐤 ⋆ Product Management, Business Strategy, Brand, and GTM Leader ⋆ Hardware + Software Obsessed ⋆ Renaissance Woman ⋆ Creative ⋆ Operator ⋆ Glue Person",,Primary persona: CMO/business leader (executive/founder/PM role match: '\bproduct management\b'),1,1,"Monitor - light engagement, add to watchlist"
Jacob Lovenskiold,,Co-Founder & COO at Midio,,Primary persona: CMO/business leader (executive/founder/PM role match: '\bfounder\b'),1,1,"Monitor - light engagement, add to watchlist"
Aibek Yegemberdin,,Co-Founder of Wonder | AI Design 🎨,,Primary persona: CMO/business leader (executive/founder/PM role match: '\bfounder\b'),1,1,"Monitor - light engagement, add to watchlist"
Rahma Sohail,https://linkedin.com/in/rahma-sohail-08773236b,Full Stack Developer (MERN & Next.js) | Node.js | React | Python | AI Integration,,Primary persona: developer (engineering role/title match: 'developer'),1,1,"Monitor - light engagement, add to watchlist"
Jesse Martin,,"Solutions Engineer. The truth is in the Metadata. AI Engineer. API Educator, International speaker. Ex Dev Rel. Ex host of The Data and API Show. GraphQL OG. Learning how to ask better questions. US Expat.",,Primary persona: developer (engineering role/title match: 'ai engineer'),1,1,"Monitor - light engagement, add to watchlist"
Christian Olear,,"Freelance Web Developer & Founder of crwl.io | Senior Fullstack Web Developer (Laravel, Vue.js) | PHP Artisan (17 yrs) | Superpower: Web Crawling and Scraping",,Primary persona: developer (engineering role/title match: 'developer'),1,1,"Monitor - light engagement, add to watchlist"
Rustam X. Lalkaka,https://linkedin.com/in/lalkaka,CEO & Co-founder at Firetiger. AI agents that make your software excellent in production.,Firetiger,"Primary persona: CMO/business leader (executive/founder/PM role match: '\bfounder\b'), geography in ICP range (US)",1,1,"Monitor - light engagement, add to watchlist"
Rudy Lai,,Product/Incubations @ Snyk | AI Advisor | Prev Co-Founder @ tactic.fyi,,Primary persona: CMO/business leader (executive/founder/PM role match: '\bfounder\b'),1,1,"Monitor - light engagement, add to watchlist"
Thomas Peham,https://linkedin.com/in/thomaspeham,"CEO & Co-Founder at OtterlyAI, ex-VP Marketing",,Primary persona: CMO/business leader (executive/founder/PM role match: '\bfounder\b'),1,1,"Monitor - light engagement, add to watchlist"
Olaf Berge,,CTO Trumf,,Secondary persona: technical leader (role/title match: '\bcto\b'),1,1,"Monitor - light engagement, add to watchlist"
Janine Dukes,,CEO Development-Director of Operations,,Primary persona: CMO/business leader (executive/founder/PM role match: '\bceo\b'),1,1,"Monitor - light engagement, add to watchlist"
Ronald Williams,https://linkedin.com/in/ronaldwaynewilliams,Dev. Community @ Cypress.io,Cypress.io,"Primary persona: CMO/business leader (executive/founder/PM role match: '\bfounder\b'), geography in ICP range (US)",1,1,"Monitor - light engagement, add to watchlist"
Aleksandr Stepanov,,Founder & CEO Quantumeon.ai Modeling human behavior. Scientifically.,,Primary persona: CMO/business leader (executive/founder/PM role match: '\bfounder\b'),1,1,"Monitor - light engagement, add to watchlist"
Ricardo Burillo Torres,,Head of Engineering at Ontruck,,Secondary persona: technical leader (role/title match: '\bhead of engineering\b'),1,1,"Monitor - light engagement, add to watchlist"
Binu  B .,https://linkedin.com/in/binu-b-a439a082,President @ Drugzone Pharmaceuticals Inc | Registered Pharmacist,Drugzone Pharmaceuticals Inc,"Primary persona: CMO/business leader (executive/founder/PM role match: '\bmanaging partner\b'), geography in ICP range (US)",1,1,"Monitor - light engagement, add to watchlist"
Domitrius Clark,,Developer educator & community builder,,Primary persona: developer (engineering role/title match: 'developer'),1,1,"Monitor - light engagement, add to watchlist"
Patrick Arlia,,Co-Founder @ Repliers | Helping Devs Build Real Estate Tech Faster,,Primary persona: CMO/business leader (executive/founder/PM role match: '\bfounder\b'),1,1,"Monitor - light engagement, add to watchlist"
Edgardo Agnes,,Business Development Representative,,Primary persona: CMO/business leader (executive/founder/PM role match: '\bbusiness development\b'),1,1,"Monitor - light engagement, add to watchlist"
Gowthamii Siddhi Lakshmi,,"Founder, ELEVA™ | EQ Mentor for Adolescents, Parents & Educators",,Primary persona: CMO/business leader (executive/founder/PM role match: '\bfounder\b'),1,1,"Monitor - light engagement, add to watchlist"
Sead Ahmetovic,,"CEO of WeAreDevelopers | Hosting the world’s leading events for developers, tech leaders, and AI innovators | Capital Top 40 | FT1000",,Primary persona: CMO/business leader (executive/founder/PM role match: '\bceo\b'),1,1,"Monitor - light engagement, add to watchlist"
MARINA CHYRKOVA,,Senior Solutions Engineer at Vention,,Primary persona: builder (product/ops/marketing/GTM role match: 'solutions engineer'),1,1,"Monitor - light engagement, add to watchlist"
Agnessa Tomashevska,,CEO of Zentix | PhD | Web and mobile development,,Primary persona: CMO/business leader (executive/founder/PM role match: '\bceo\b'),1,1,"Monitor - light engagement, add to watchlist"
Jonathan Yaffe,https://linkedin.com/in/yaffe,CEO and Co-Founder @ AnyRoad + Bside,,Primary persona: CMO/business leader (executive/founder/PM role match: '\bfounder\b'),1,1,"Monitor - light engagement, add to watchlist"
Aidan Nguyen-Tran,https://linkedin.com/in/aidan-nguyen-tran-277a3a258,Growth Lead @ Gallium | Prev. Cluely | DS @ UCSD,Agencity,"Primary persona: builder (product/ops/marketing/GTM role match: 'growth lead'), company size in ICP range (11-50), geography in ICP range (US)",1,1,"Monitor - light engagement, add to watchlist"
Katie Emlen,,Enterprise Customer Success Manager II,,Primary persona: builder (product/ops/marketing/GTM role match: 'customer success'),1,1,"Monitor - light engagement, add to watchlist"
John Leenane,,C-Suite Exec | 2X Founder | M&A Lead | Board Member | CEO • COO • CPO • CRO Experience,,Primary persona: CMO/business leader (executive/founder/PM role match: '\bcro\b'),1,1,"Monitor - light engagement, add to watchlist"
Joe Skupinsky,https://linkedin.com/in/jskupinsky,"revenue leader | product docent | building stories, a trilogy of exit",Amplitude,"Primary persona: builder (product/ops/marketing/GTM role match: 'customer success'), geography in ICP range (US)",1,1,"Monitor - light engagement, add to watchlist"
Tom Preston-Werner,,Cofounder at PWV,,Primary persona: CMO/business leader (executive/founder/PM role match: '\bcofounder\b'),1,1,"Monitor - light engagement, add to watchlist"
Adrian Lubis,https://linkedin.com/in/adrianlubis,VP-Head of Resources & Manufacturing at Indosat Ooredoo | Business Development | Regional Sales | Smart City | Telecommunication | ICT | Marketing | Resources & Manufacture,PT. Indosat Tbk,Primary persona: CMO/business leader (executive/founder/PM role match: '\bbusiness development\b'),1,1,"Monitor - light engagement, add to watchlist"
John Leenane,https://linkedin.com/in/jleenane,C-Suite Exec | 2X Founder | M&A Lead | Board Member | CEO • COO • CPO • CRO Experience,,Primary persona: CMO/business leader (executive/founder/PM role match: '\bcro\b'),1,1,"Monitor - light engagement, add to watchlist"
José Cunha Fonte,,Senior Director of Software Engineering,,Primary persona: developer (engineering role/title match: 'software engineering'),1,1,"Monitor - light engagement, add to watchlist"
Bill Watson,https://linkedin.com/in/billwatson1,Software Architect | Platform Engineering | Distributed Systems | Developer Experience | AI/ML Integration | Technical Leadership & Speaker,,Primary persona: developer (engineering role/title match: 'developer'),1,1,"Monitor - light engagement, add to watchlist"
Ben Ó Mathúin,https://linkedin.com/in/omathuin,Post-Sale Revenue Architect | Engineering Retention & Expansion Systems for Scaling SaaS,,Primary persona: builder (product/ops/marketing/GTM role match: 'revenue architect'),1,1,"Monitor - light engagement, add to watchlist"
Anandi Devi,https://linkedin.com/in/anandi-devi,Go-To-Market (GTM) Engineer @ ConnectSafely | MBA,ConnectSafely.AI,Primary persona: CMO/business leader (executive/founder/PM role match: '\bgo-to-market\b'),1,1,"Monitor - light engagement, add to watchlist"
Alberto G.,,Staff Security Engineer at Riot Games,,Primary persona: developer (engineering role/title match: 'security engineer'),1,1,"Monitor - light engagement, add to watchlist"
Alexander Langhede Andersen,,Head of Growth Marketing at Berry Street,,Primary persona: builder (product/ops/marketing/GTM role match: 'growth marketing'),1,1,"Monitor - light engagement, add to watchlist"
Henrik Brødsgaard,,Managing Director at Nordea Corporate Finance,,Primary persona: CMO/business leader (executive/founder/PM role match: '\bmanaging director\b'),1,1,"Monitor - light engagement, add to watchlist"
Brandon Swalve,,CEO at AppSignal | Scaling Developer-Centric APM Solutions,,Primary persona: developer (engineering role/title match: 'developer'),1,1,"Monitor - light engagement, add to watchlist"
Casper Aagaard Rasmussen,,"Global Exec at Valtech | Ex-President at the MACH Alliance | Investor | Leader in MACH, AI and Connecting the Enterprise",,Primary persona: CMO/business leader (executive/founder/PM role match: '\bpresident\b'),1,1,"Monitor - light engagement, add to watchlist"
Mahmoud Rusty Abdelkader,,"Builder. Prev: ceo/cofounder @ VGS, cto/cofounder @ balanced (YC W11)",,Secondary persona: technical leader (role/title match: '\bcto\b'),1,1,"Monitor - light engagement, add to watchlist"
Matthew J.,https://linkedin.com/in/mrj-dimartec,"We help B2B SaaS & Fintech companies (€2M–€20M) achieve 10%+ revenue growth in 6 months by building a Predictable Revenue Engine (GEO, PPC, CRO, Nurturing, RevOps)",Dimartec,"Primary persona: builder (product/ops/marketing/GTM role match: 'revops'), geography in ICP range (EU)",1,1,"Monitor - light engagement, add to watchlist"
Viacheslav Sheikin,,"Head of Product & Creative Engineering | Festival-award winning web & interactive projects | React, Next.js, NestJS, Webflow | Full-stack product delivery | AI-driven automation & RAG pipelines",,Primary persona: CMO/business leader (executive/founder/PM role match: '\bhead of product\b'),1,1,"Monitor - light engagement, add to watchlist"
Chris Ward,https://linkedin.com/in/chrischinchilla,Tech writer | Podcaster | Video maker | Journalist | Developer | Author | Enthusiastic amateur generalist,,Primary persona: developer (engineering role/title match: 'developer'),1,1,"Monitor - light engagement, add to watchlist"
Sriram Thiagarajan,,Developer Experience at Chargebee,,Primary persona: developer (engineering role/title match: 'developer'),1,1,"Monitor - light engagement, add to watchlist"
Mike Madison,,"Accomplished Technical Leader with over two decades of web nerdery, product management, software architecture, and open source contribution.",,Secondary persona: technical leader (role/title match: '\btechnical leader\b'),1,1,"Monitor - light engagement, add to watchlist"
Leland Freeman,,Lead Software Engineer at A.P. Moller - Maersk,,Primary persona: developer (engineering role/title match: 'software engineer'),1,1,"Monitor - light engagement, add to watchlist"
Simon Putzer,,CEO GTM,,Primary persona: CMO/business leader (executive/founder/PM role match: '\bceo\b'),1,1,"Monitor - light engagement, add to watchlist"
Alex Pan,https://linkedin.com/in/helloalexpan,Applied AI Research,Stealth,Primary persona: CMO/business leader (executive/founder/PM role match: '\bfounder\b'),1,1,"Monitor - light engagement, add to watchlist"
Stephane RIOS,https://linkedin.com/in/stephanerios,"CEO, Founder at Fasterize",,Primary persona: CMO/business leader (executive/founder/PM role match: '\bfounder\b'),1,1,"Monitor - light engagement, add to watchlist"
Taylor MacDonald,https://linkedin.com/in/tcmacdonald,Systems Builder helping progressive non-profits turn disconnected tech stacks into pathways for community engagement.,,Primary persona: builder (product/ops/marketing/GTM role match: 'builder'),1,1,"Monitor - light engagement, add to watchlist"
Kia Saedi,,Revenue Driver & Team Builder,,Primary persona: builder (product/ops/marketing/GTM role match: 'builder'),1,1,"Monitor - light engagement, add to watchlist"
Rodrigo Álvarez,,Software engineer,,Primary persona: developer (engineering role/title match: 'software engineer'),1,1,"Monitor - light engagement, add to watchlist"
Mert Karabay,https://linkedin.com/in/mert-karabay,Founder at AI Studio,,Primary persona: CMO/business leader (executive/founder/PM role match: '\bfounder\b'),1,1,"Monitor - light engagement, add to watchlist"
Andy Aparico,https://linkedin.com/in/andyaparico,"Chief Revenue Officer | Enterprise Solutions Leader | Certified Enterprise Architect | 
Driving Digital Transformation, AI Innovation & Scalable Growth up to $1B ARR",Object Edge,"Primary persona: CMO/business leader (executive/founder/PM role match: '\bcro\b'), geography in ICP range (US)",1,1,"Monitor - light engagement, add to watchlist"
Tony R.,,"Cross-disciplinary web designer, web developer, and content editor",,Primary persona: developer (engineering role/title match: 'developer'),1,1,"Monitor - light engagement, add to watchlist"
Victor Monsch,,Sales Engineer @ Contentstack,,Primary persona: builder (product/ops/marketing/GTM role match: 'sales engineer'),1,1,"Monitor - light engagement, add to watchlist"
Adrienne Ammerman,,Founder @ Arclet | Health Communications Innovator,,Primary persona: CMO/business leader (executive/founder/PM role match: '\bfounder\b'),1,1,"Monitor - light engagement, add to watchlist"
David N.,https://linkedin.com/in/drnugent,Senior Solutions Architect,Together AI,"Primary persona: builder (product/ops/marketing/GTM role match: 'solutions architect'), geography in ICP range (US)",1,1,"Monitor - light engagement, add to watchlist"
Jesper Vesten Drescher,,"Chairman, Advisor, Investor, Speaker, Digitalafrica.tech",,Primary persona: CMO/business leader (executive/founder/PM role match: '\bchairman\b'),1,1,"Monitor - light engagement, add to watchlist"
Elynn Lee,,Product Manager at Figma,,Primary persona: CMO/business leader (executive/founder/PM role match: '\bproduct manager\b'),1,1,"Monitor - light engagement, add to watchlist"
Luna Yu,,Software Engineer (UI/UX),,Primary persona: developer (engineering role/title match: 'software engineer'),1,1,"Monitor - light engagement, add to watchlist"
José S.,,Product Manager (Data & AI) | Estatística – USP | Produtos de dados em contextos reais,,Primary persona: CMO/business leader (executive/founder/PM role match: '\bproduct manager\b'),1,1,"Monitor - light engagement, add to watchlist"
Ethan Eisenhard,,Software Engineer at beehiiv,,Primary persona: developer (engineering role/title match: 'software engineer'),1,1,"Monitor - light engagement, add to watchlist"
Tamas P.,https://linkedin.com/in/tpiros,Developer Advocacy | Workshops & Coaching | Google Developer Expert | I help teams get AI fluent,,Primary persona: developer (engineering role/title match: 'developer'),1,1,"Monitor - light engagement, add to watchlist"
Rand Arete,https://linkedin.com/in/randarete,"Builder & Researcher | Dev Tools & AI Platforms | ex GitHub, AWS, HashiCorp, Heroku",,Primary persona: builder (product/ops/marketing/GTM role match: 'builder'),1,1,"Monitor - light engagement, add to watchlist"
Younes (omar) Meliani,,Software Engineer & Mentor @ hackyourfuture DK,,Primary persona: developer (engineering role/title match: 'software engineer'),1,1,"Monitor - light engagement, add to watchlist"
Jani Komulainen,,Web Developer,,Primary persona: developer (engineering role/title match: 'developer'),1,1,"Monitor - light engagement, add to watchlist"
